teacher_id,treat,experience,highest_degree,district_type,school_SES,tech_pre,tech_post,student_tech_use,num_tech_lessons,teacher_motivation,test_prev,test_curr
1,0,2,Bachelors,Urban,35.6,6,6,4,25,5,52,57
2,0,14,Bachelors,Suburban,37.8,4,5,4,15,5,67,76
3,0,0,Masters,Suburban,47.1,5,3,3,10,4,61,47
4,0,17,Bachelors,Suburban,78.7,5,4,3,5,5,58,67
5,1,18,Bachelors,Rural,60.5,5,5,5,29,5,57,73
6,0,0,Bachelors,Suburban,64.6,7,6,7,7,5,65,88
7,0,20,Masters,Urban,48.1,8,8,6,21,5,65,66
8,0,10,Masters,Urban,29.1,5,5,5,12,5,44,50
9,0,7,Masters,Suburban,60.6,8,8,5,24,5,73,75
10,0,16,Masters,Suburban,46.9,3,3,2,18,5,69,54
11,0,22,Bachelors,Suburban,54.1,3,5,3,11,5,69,64
12,0,25,Masters,Suburban,64.5,5,5,3,14,5,81,95
13,1,2,Bachelors,Urban,60.3,7,9,6,20,5,58,75
14,0,8,Bachelors,Rural,19,5,4,4,24,2,55,54
15,0,13,Masters,Urban,17.6,5,5,3,11,3,40,38
16,1,13,Bachelors,Rural,75.6,4,6,7,20,5,87,86
17,0,8,Bachelors,Urban,33.2,8,9,5,26,5,59,65
18,1,0,Bachelors,Urban,35.1,5,8,5,20,4,36,42
19,0,10,Masters,Urban,33.2,8,10,7,27,4,54,54
20,0,3,Masters,Urban,41,6,6,5,18,4,64,61
21,0,12,Bachelors,Urban,40.2,9,10,5,19,5,75,87
22,0,5,Bachelors,Urban,39.9,4,2,2,5,5,71,75
23,0,11,Masters,Urban,35.4,5,6,7,17,4,66,60
24,0,6,Masters,Urban,71.7,7,8,5,27,5,71,81
25,0,9,Masters,Urban,64.3,5,4,2,11,5,64,69
26,1,9,Bachelors,Rural,59.9,4,5,3,10,5,64,68
27,0,23,Masters,Suburban,41.5,6,5,5,16,5,76,86
28,0,18,Masters,Rural,42.9,7,8,5,12,5,80,93
29,0,10,Bachelors,Rural,43,6,4,2,18,5,66,94
30,0,2,Bachelors,Urban,49.5,7,10,8,25,5,82,85
31,0,20,Masters,Suburban,42.6,5,4,5,8,5,66,64
32,0,1,Bachelors,Urban,71,5,4,4,16,5,79,77
33,0,3,Bachelors,Urban,34.6,6,5,6,24,4,68,63
34,0,6,Masters,Suburban,52.8,1,2,6,15,5,47,48
35,0,4,Bachelors,Urban,60.8,7,8,6,22,4,95,100
36,0,5,Masters,Rural,50.1,6,6,3,22,5,52,61
37,0,22,Bachelors,Urban,87.4,3,3,2,8,5,55,64
38,0,11,Bachelors,Urban,47.4,7,7,5,17,4,83,74
39,0,6,Masters,Rural,28.5,6,5,1,12,4,71,74
40,0,17,Bachelors,Rural,37.9,4,2,1,4,4,56,69
41,0,14,Masters,Suburban,64.9,6,5,5,11,5,59,68
42,0,2,Masters,Suburban,70.2,7,8,6,15,5,62,77
43,0,8,Masters,Urban,43.9,8,6,3,18,5,71,59
44,0,16,Bachelors,Suburban,27.1,5,4,6,12,4,58,53
45,0,28,Bachelors,Urban,70.8,4,5,4,5,5,72,82
46,0,25,Masters,Suburban,50.8,5,4,3,15,5,89,96
47,0,19,Masters,Suburban,49.1,6,8,6,21,5,65,70
48,0,12,Bachelors,Suburban,34.8,5,5,4,20,5,65,77
49,1,0,Bachelors,Urban,49.7,5,5,3,11,5,80,100
50,0,6,Bachelors,Rural,56.6,5,4,2,21,5,81,75
51,1,10,Masters,Urban,66.8,7,8,5,16,5,84,97
52,1,16,Bachelors,Urban,53.4,7,7,7,25,5,71,96
53,1,12,Bachelors,Suburban,54.5,5,5,3,24,5,73,71
54,0,12,Bachelors,Suburban,69.7,4,3,2,9,5,59,57
55,0,27,Bachelors,Urban,40,3,5,5,10,5,58,41
56,1,15,Bachelors,Suburban,39.6,5,5,5,16,5,79,74
57,0,10,Bachelors,Suburban,42,6,6,3,22,5,65,69
58,0,9,Bachelors,Rural,51.9,4,4,4,9,5,87,100
59,1,13,Bachelors,Urban,53.2,7,8,5,24,5,77,79
60,0,5,Masters,Rural,51.8,5,5,5,18,5,51,44
61,0,23,Masters,Rural,72.8,4,5,6,9,5,78,64
62,0,10,Bachelors,Urban,50.1,6,6,5,12,4,66,74
63,0,8,Masters,Urban,56.6,7,6,2,17,5,74,81
64,0,5,Bachelors,Urban,54.9,8,7,4,20,5,70,75
65,0,19,Bachelors,Urban,49.5,7,7,5,18,5,73,82
66,0,2,Masters,Suburban,60.2,5,4,4,3,5,55,60
67,0,8,Bachelors,Urban,50.2,7,8,5,20,5,64,77
68,0,15,Masters,Suburban,76.3,6,5,5,17,5,84,97
69,1,11,Masters,Urban,39.9,6,5,6,4,5,45,64
70,0,14,Masters,Suburban,59,5,6,4,6,5,59,63
71,1,1,Bachelors,Urban,65.8,5,5,5,12,5,50,48
72,1,9,Masters,Rural,41.2,4,5,1,28,5,50,42
73,0,0,Bachelors,Urban,42.2,5,3,4,0,5,66,62
74,1,5,Masters,Rural,60.6,6,8,6,19,5,65,56
75,0,21,Masters,Urban,48.5,7,5,4,20,5,91,100
76,0,14,Masters,Suburban,38.5,7,7,6,20,5,70,94
77,0,13,Bachelors,Urban,69.4,7,5,5,18,5,77,69
78,0,5,Bachelors,Urban,29.7,6,4,3,9,5,62,59
79,0,8,Bachelors,Urban,44.8,7,7,3,19,5,43,44
80,0,4,Bachelors,Suburban,53.6,6,7,5,20,4,76,53
81,0,12,Bachelors,Rural,19,6,7,6,16,5,45,36
82,1,18,Bachelors,Suburban,61,5,8,3,29,5,80,76
83,0,14,Bachelors,Urban,59.8,5,4,5,12,5,71,61
84,0,7,Masters,Suburban,57.6,2,1,1,7,5,67,66
85,0,16,Bachelors,Urban,37.5,8,6,3,17,5,50,58
86,0,15,Bachelors,Rural,66.8,7,6,2,19,5,51,54
87,0,19,Bachelors,Urban,58.5,7,6,5,19,5,76,93
88,0,8,Bachelors,Urban,59.1,6,8,4,22,5,64,60
89,0,3,Bachelors,Urban,73.9,7,8,6,26,5,63,59
90,0,11,Masters,Rural,47.4,4,6,4,15,4,66,55
91,0,14,Masters,Urban,76,5,5,3,10,5,76,87
92,0,24,Bachelors,Rural,45.6,1,3,5,4,5,55,57
93,0,11,Bachelors,Urban,63.8,4,5,4,19,5,78,83
94,0,15,Bachelors,Urban,57,7,6,4,15,5,40,40
95,0,11,Bachelors,Urban,48.7,3,2,4,11,5,69,85
96,0,29,Bachelors,Suburban,43.2,6,8,5,21,5,51,46
97,1,23,Masters,Urban,46.3,7,5,4,16,5,61,66
98,0,10,Bachelors,Urban,35.1,4,2,4,0,4,54,57
99,0,11,Masters,Urban,53.9,6,5,2,14,4,81,100
100,0,12,Bachelors,Suburban,56.5,2,2,3,10,5,41,41
101,0,13,Bachelors,Urban,80.5,8,7,5,12,5,64,84
102,1,7,Masters,Suburban,38.6,6,6,8,13,5,81,76
103,0,13,Bachelors,Urban,49.2,6,8,7,28,4,74,69
104,0,6,Bachelors,Urban,35.9,6,5,4,11,5,64,85
105,1,3,Bachelors,Urban,39.3,7,8,6,20,4,71,73
106,0,18,Bachelors,Urban,38.4,6,7,5,16,4,65,84
107,0,17,Masters,Urban,45.6,7,7,4,23,5,49,44
108,0,7,Bachelors,Urban,82.6,8,6,5,19,5,77,91
109,1,22,Bachelors,Suburban,65.3,5,6,2,20,5,64,66
110,0,10,Bachelors,Urban,62,3,3,2,13,5,59,68
111,0,10,Bachelors,Suburban,37.9,6,7,4,24,5,51,62
112,0,4,Bachelors,Urban,78.2,5,6,4,14,5,69,82
113,1,12,Bachelors,Rural,80.1,3,3,4,5,5,72,65
114,0,11,Masters,Urban,37.4,9,10,6,32,4,81,85
115,0,13,Bachelors,Urban,53.1,6,7,6,14,5,74,92
116,0,16,Bachelors,Rural,53.8,7,6,4,19,4,71,62
117,0,19,Masters,Rural,18.3,7,9,8,22,5,56,66
118,0,15,Masters,Urban,63.1,4,5,4,8,5,64,53
119,0,20,Masters,Urban,37.4,7,3,6,5,5,70,89
120,1,21,Masters,Rural,62.3,4,4,5,19,5,59,73
121,0,0,Masters,Suburban,57.4,6,7,5,26,5,76,92
122,0,9,Bachelors,Rural,56.2,5,6,4,10,5,58,64
123,0,17,Bachelors,Rural,59.8,4,3,7,11,5,68,79
124,0,3,Bachelors,Rural,61.8,7,9,8,21,5,90,95
125,0,4,Masters,Suburban,55.4,6,5,3,21,5,65,74
126,1,14,Bachelors,Urban,36.9,3,5,4,23,5,65,68
127,1,8,Bachelors,Urban,36.9,7,7,4,17,4,65,60
128,0,0,Masters,Suburban,36.9,7,6,4,21,5,69,76
129,0,19,Bachelors,Suburban,46,4,2,1,9,5,63,55
130,1,5,Bachelors,Urban,53,7,7,5,26,5,66,81
131,0,15,Bachelors,Rural,41.9,4,7,7,23,4,51,73
132,1,15,Bachelors,Suburban,62.7,6,9,6,30,5,73,81
133,0,24,Masters,Urban,47.4,3,2,3,19,5,68,57
134,0,14,Bachelors,Suburban,22.2,4,4,3,21,3,57,66
135,0,17,Bachelors,Rural,78.4,3,3,1,5,5,58,67
136,0,21,Masters,Suburban,70.2,5,5,3,17,5,86,88
137,0,9,Bachelors,Rural,77.2,5,4,3,12,5,72,77
138,1,0,Bachelors,Suburban,64.7,9,10,5,27,5,75,88
139,0,13,Masters,Suburban,23.3,3,3,5,7,4,58,58
140,0,23,Bachelors,Rural,49.2,4,4,1,7,5,75,66
141,1,1,Bachelors,Suburban,58.3,4,5,4,12,5,75,74
142,0,20,Masters,Rural,56.5,4,4,3,11,5,69,72
143,0,12,Bachelors,Urban,61,8,9,5,23,5,61,53
144,0,13,Bachelors,Suburban,58.3,4,3,5,3,5,67,60
145,1,9,Masters,Urban,22.2,4,6,4,20,4,58,74
146,1,20,Bachelors,Suburban,49.1,5,5,5,18,5,52,56
147,0,23,Bachelors,Suburban,45.2,4,4,5,3,5,46,55
148,0,25,Bachelors,Suburban,51.5,4,4,5,11,5,54,64
149,0,4,Masters,Rural,27.9,6,4,5,8,5,68,88
150,0,18,Bachelors,Suburban,47.2,5,4,3,5,4,63,61
151,0,9,Bachelors,Suburban,59.5,5,6,5,10,5,80,80
152,0,4,Bachelors,Urban,40,6,5,5,15,5,70,68
153,1,15,Masters,Urban,40.7,5,6,3,23,5,77,100
154,0,12,Masters,Rural,56.1,6,8,4,14,5,87,94
155,0,18,Bachelors,Urban,64.4,7,6,4,10,5,63,77
156,0,26,Masters,Rural,35.7,5,5,5,11,5,41,52
157,0,20,Bachelors,Suburban,67.7,5,4,4,16,5,86,77
158,0,6,Bachelors,Rural,49.8,5,4,5,17,5,62,59
159,0,13,Masters,Urban,75.4,7,6,5,11,5,61,57
160,1,23,Bachelors,Suburban,83.1,4,3,4,13,5,78,83
161,0,21,Bachelors,Suburban,67.7,3,3,3,9,5,65,51
162,0,0,Bachelors,Suburban,52.7,7,7,3,19,3,89,66
163,0,20,Masters,Suburban,55.8,6,6,5,20,5,80,88
164,0,9,Masters,Urban,33,8,7,6,24,5,90,98
165,1,7,Bachelors,Urban,68.3,7,7,6,31,5,83,91
166,0,3,Bachelors,Suburban,76.7,4,5,4,13,5,70,93
167,0,10,Bachelors,Suburban,46.5,7,8,6,21,5,54,63
168,0,18,Masters,Urban,52.4,4,5,4,20,5,73,75
169,0,23,Masters,Rural,43.1,4,3,3,7,4,61,70
170,0,13,Bachelors,Urban,37,8,10,5,29,4,72,65
171,0,11,Bachelors,Rural,69.2,5,6,3,16,5,61,70
172,1,10,Bachelors,Suburban,28.9,2,2,6,11,5,63,65
173,0,20,Masters,Suburban,66.7,4,3,6,7,5,49,35
174,0,3,Masters,Suburban,30.5,5,7,7,9,5,69,88
175,0,14,Masters,Urban,46.6,5,5,4,13,4,67,45
176,0,20,Masters,Rural,43.7,7,7,5,17,4,77,85
177,0,20,Masters,Suburban,40.2,6,6,7,14,5,67,73
178,0,15,Bachelors,Suburban,53.7,5,5,2,17,5,51,57
179,0,3,Bachelors,Urban,46.2,4,4,2,12,5,74,85
180,0,5,Bachelors,Urban,64.3,4,3,3,13,5,59,67
181,0,6,Bachelors,Suburban,63.2,6,5,3,11,5,54,49
182,0,0,Bachelors,Urban,75.8,5,4,4,9,5,69,77
183,0,12,Bachelors,Suburban,67.6,5,5,5,12,5,76,90
184,0,22,Masters,Urban,46.1,6,6,4,17,5,62,67
185,0,0,Bachelors,Rural,79,7,7,3,20,5,76,93
186,0,18,Bachelors,Urban,26.4,5,5,3,20,5,81,81
187,0,10,Bachelors,Rural,63,4,6,3,14,5,63,68
188,0,6,Bachelors,Suburban,45.1,7,6,4,29,5,53,81
189,0,18,Bachelors,Urban,28.2,6,9,6,25,5,50,49
190,1,17,Bachelors,Suburban,65.2,5,5,3,11,5,59,52
191,0,13,Bachelors,Suburban,58.8,6,6,5,17,5,86,83
192,1,5,Masters,Rural,50.3,3,4,4,27,5,41,53
193,1,6,Masters,Urban,51.5,7,7,4,20,5,63,66
194,0,0,Bachelors,Rural,45,4,6,2,8,4,68,83
195,0,27,Bachelors,Rural,45.4,4,3,4,11,5,90,96
196,1,11,Masters,Rural,47,5,6,4,15,5,57,71
197,0,6,Bachelors,Rural,33.9,5,4,8,14,5,55,48
198,0,0,Bachelors,Suburban,53.1,6,8,3,21,5,75,82
199,0,9,Bachelors,Rural,43,5,5,2,12,4,72,76
200,0,8,Bachelors,Suburban,60.6,3,4,4,8,5,58,50
201,1,1,Masters,Suburban,38.6,7,9,6,17,5,58,54
202,0,31,Bachelors,Suburban,36.8,5,7,8,16,5,60,51
203,0,19,Bachelors,Urban,64.1,7,7,8,7,5,73,82
204,0,0,Bachelors,Rural,15.2,5,4,5,2,4,59,59
205,0,21,Masters,Suburban,46.1,5,7,7,20,5,70,91
206,0,20,Bachelors,Suburban,60.9,6,6,2,15,5,60,45
207,0,17,Bachelors,Urban,32.3,4,3,5,3,5,57,72
208,0,15,Bachelors,Suburban,50.4,2,1,1,14,5,57,54
209,1,13,Bachelors,Urban,57.2,7,9,7,32,5,64,62
210,0,17,Bachelors,Rural,26.1,3,1,5,10,5,34,52
211,0,4,Bachelors,Suburban,29.2,8,6,6,18,3,49,55
212,0,7,Bachelors,Urban,18.4,7,6,5,8,5,75,72
213,0,4,Masters,Urban,51.6,5,5,4,18,5,80,88
214,0,11,Masters,Rural,43.5,7,8,4,15,5,77,52
215,1,13,Masters,Suburban,61.8,7,9,6,19,5,83,86
216,0,17,Bachelors,Rural,18.4,7,7,7,24,3,48,59
217,0,16,Masters,Suburban,57.5,5,5,4,6,5,64,64
218,0,24,Bachelors,Suburban,50,6,5,3,12,4,72,81
219,0,17,Masters,Suburban,54,6,6,3,7,4,68,85
220,1,22,Masters,Rural,69.5,6,8,9,18,5,72,91
221,0,21,Bachelors,Suburban,60.4,3,4,4,10,5,71,71
222,0,7,Masters,Urban,58.8,5,5,5,14,5,70,88
223,0,18,Masters,Urban,50.6,7,7,5,19,5,66,65
224,1,16,Bachelors,Urban,68.1,2,2,3,13,5,67,65
225,0,13,Bachelors,Urban,56.8,8,8,8,12,5,70,82
226,0,5,Masters,Suburban,49.7,4,3,6,11,3,55,49
227,1,17,Bachelors,Rural,59.9,6,8,6,24,5,69,90
228,0,13,Masters,Urban,35,9,8,7,27,5,82,100
229,1,9,Bachelors,Suburban,62.9,5,6,6,17,5,70,68
230,0,19,Bachelors,Suburban,41.3,6,7,4,12,5,51,40
231,0,20,Bachelors,Rural,47.1,5,6,5,16,5,60,76
232,0,19,Bachelors,Suburban,47.6,4,5,3,5,5,75,87
233,0,0,Masters,Urban,46.6,7,8,4,17,5,70,92
234,0,5,Masters,Rural,13.4,4,2,4,4,3,61,59
235,0,19,Masters,Suburban,45.1,7,6,5,18,5,45,58
236,0,6,Bachelors,Urban,43.3,5,6,4,22,5,71,80
237,1,15,Bachelors,Suburban,48,6,8,8,19,5,79,87
238,1,13,Masters,Urban,59.5,4,4,8,19,5,60,55
239,0,21,Bachelors,Suburban,46.3,6,9,7,23,5,66,72
240,0,6,Bachelors,Rural,22.8,4,4,1,16,5,62,54
241,1,12,Masters,Suburban,45.1,4,2,3,3,5,49,72
242,0,15,Bachelors,Urban,17.7,5,7,7,22,3,67,70
243,0,22,Bachelors,Urban,44.6,2,2,3,6,5,58,66
244,1,11,Bachelors,Suburban,14.4,5,6,3,23,5,48,58
245,0,14,Bachelors,Rural,57.4,7,6,4,9,5,63,83
246,0,1,Bachelors,Suburban,57.1,5,5,4,9,5,74,85
247,0,17,Masters,Rural,48,5,3,4,17,5,68,76
248,0,14,Bachelors,Suburban,58,7,8,7,14,5,88,93
249,1,17,Masters,Rural,28.6,5,7,5,24,3,78,86
250,0,9,Bachelors,Rural,65.7,8,8,7,23,5,79,80
251,1,25,Bachelors,Suburban,50.4,3,3,1,9,5,42,38
252,1,11,Bachelors,Suburban,56.2,7,5,4,19,5,68,94
253,0,13,Bachelors,Urban,67.7,4,4,5,14,5,54,35
254,0,11,Bachelors,Urban,48,5,6,2,11,5,57,54
255,1,19,Masters,Urban,85.6,6,6,4,17,5,77,81
256,1,6,Masters,Suburban,35.7,7,7,4,26,3,70,81
257,0,14,Bachelors,Urban,58.9,5,3,2,2,5,61,71
258,1,17,Bachelors,Urban,68.2,2,4,4,8,5,61,63
259,1,2,Masters,Suburban,31.3,5,6,5,21,5,58,67
260,0,14,Bachelors,Suburban,28.2,5,7,6,15,4,50,52
261,0,7,Bachelors,Rural,35.9,3,4,4,5,4,72,78
262,0,23,Bachelors,Urban,28.7,5,9,5,27,5,65,86
263,0,18,Bachelors,Suburban,53.6,7,8,5,20,4,80,80
264,0,0,Bachelors,Urban,60.1,2,4,3,12,5,56,55
265,1,19,Bachelors,Urban,34.2,5,7,8,22,5,45,38
266,0,14,Bachelors,Urban,45.9,9,10,4,22,5,78,100
267,0,8,Bachelors,Suburban,36.3,6,6,1,19,5,72,71
268,0,9,Bachelors,Urban,35.5,7,5,4,15,5,55,58
269,0,2,Bachelors,Urban,38.7,4,5,4,11,5,41,49
270,0,15,Masters,Suburban,40.1,4,2,3,9,5,63,50
271,0,0,Bachelors,Urban,46.5,7,8,6,20,5,83,98
272,0,11,Bachelors,Rural,39.7,7,6,3,8,4,75,87
273,0,16,Bachelors,Urban,68.2,6,4,5,9,5,74,81
274,0,13,Bachelors,Rural,30.6,7,7,6,13,5,76,60
275,1,19,Bachelors,Urban,46.5,4,4,4,17,5,70,80
276,1,12,Masters,Suburban,48.8,6,7,6,18,5,75,75
277,0,30,Bachelors,Rural,61.3,4,2,5,12,5,74,88
278,0,5,Masters,Suburban,44.1,8,7,6,20,5,57,68
279,1,24,Bachelors,Urban,35.1,4,3,4,20,4,46,66
280,1,0,Masters,Urban,56,5,4,7,12,5,75,62
281,1,3,Masters,Urban,45.4,5,7,7,13,4,66,74
282,0,5,Bachelors,Suburban,68.2,4,7,4,13,5,59,68
283,0,0,Masters,Rural,30.9,3,2,3,11,5,61,46
284,0,24,Masters,Rural,52.5,7,6,3,18,5,65,72
285,0,20,Masters,Suburban,40.2,5,6,4,20,4,54,49
286,1,23,Masters,Urban,77.5,5,6,5,18,5,68,80
287,0,7,Bachelors,Suburban,30.6,5,5,4,6,4,64,68
288,1,13,Bachelors,Urban,64,8,9,7,20,5,69,78
289,0,21,Bachelors,Suburban,65.2,5,4,5,16,5,65,85
290,1,20,Bachelors,Rural,35.7,4,6,3,21,3,71,72
291,0,16,Bachelors,Suburban,35.6,8,9,4,14,5,72,89
292,0,13,Bachelors,Suburban,58.9,4,5,5,8,5,77,90
293,0,3,Masters,Rural,51.9,6,6,4,11,5,89,97
294,0,14,Bachelors,Urban,40.7,6,7,4,15,4,67,74
295,1,11,Bachelors,Suburban,61.6,4,4,1,16,4,60,68
296,1,7,Masters,Rural,61.1,6,6,5,17,5,67,88
297,0,25,Masters,Suburban,51.2,2,3,1,13,5,46,43
298,1,6,Bachelors,Urban,52.2,4,3,5,11,5,71,59
299,0,14,Masters,Suburban,44.5,5,5,1,11,5,66,81
300,0,16,Bachelors,Urban,62.1,8,9,5,20,4,70,96
301,0,20,Masters,Urban,73.7,5,5,2,10,5,69,58
302,0,15,Bachelors,Rural,62.9,3,2,3,15,5,81,87
303,0,28,Bachelors,Suburban,42.7,5,4,3,7,5,68,58
304,1,16,Masters,Suburban,69.6,4,7,5,17,5,85,97
305,0,8,Bachelors,Rural,50.7,5,6,4,20,5,40,34
306,0,13,Bachelors,Suburban,53.4,9,10,7,22,5,80,84
307,1,17,Bachelors,Urban,34.6,6,6,5,27,5,67,65
308,0,0,Bachelors,Rural,58.6,4,7,7,15,5,71,80
309,0,11,Bachelors,Suburban,48.5,4,2,1,12,5,51,67
310,1,12,Masters,Rural,12.9,8,8,3,31,4,57,65
311,0,10,Masters,Rural,58.5,4,3,4,8,5,65,56
312,0,12,Masters,Suburban,68.9,8,9,5,18,5,81,91
313,0,0,Masters,Suburban,48.1,8,8,6,14,4,76,85
314,1,15,Masters,Suburban,60.7,8,9,4,30,5,67,99
315,0,12,Masters,Urban,43.1,6,6,3,8,4,66,76
316,0,8,Bachelors,Urban,23.8,4,2,3,2,5,68,86
317,0,0,Bachelors,Urban,35.8,6,5,3,13,3,69,62
318,0,9,Bachelors,Suburban,52.7,6,6,6,24,5,75,68
319,0,13,Bachelors,Urban,33,5,5,4,18,5,78,89
320,0,11,Bachelors,Rural,57.4,4,4,1,7,5,58,49
321,1,7,Bachelors,Urban,54.8,6,7,5,21,5,86,83
322,1,15,Bachelors,Rural,64.5,7,6,4,21,5,82,100
323,1,5,Masters,Urban,31.3,7,10,6,28,4,55,82
324,0,18,Bachelors,Urban,67.5,5,5,5,8,5,62,76
325,0,19,Bachelors,Urban,43.3,5,6,3,27,5,69,82
326,0,20,Bachelors,Urban,21.5,6,7,4,27,4,39,50
327,0,18,Bachelors,Suburban,50.1,7,9,5,23,5,67,65
328,0,9,Bachelors,Urban,58.6,5,3,3,15,5,64,70
329,0,12,Bachelors,Suburban,69.7,4,2,2,11,5,79,83
330,0,22,Masters,Rural,44.5,6,7,2,15,5,42,62
331,0,17,Masters,Suburban,59.3,6,6,6,20,5,71,67
332,0,15,Bachelors,Rural,57.9,4,4,3,6,5,73,63
333,0,22,Masters,Rural,49.8,7,7,6,16,5,69,61
334,0,7,Bachelors,Urban,83.2,9,10,4,23,5,79,96
335,0,12,Masters,Suburban,48.8,3,1,4,1,5,54,59
336,0,22,Bachelors,Urban,44.2,5,6,4,13,5,46,41
337,0,10,Bachelors,Urban,39.2,4,3,2,11,5,67,84
338,1,13,Masters,Urban,50.3,6,5,5,23,5,55,68
339,0,11,Bachelors,Rural,47.6,4,3,3,6,5,66,55
340,0,22,Masters,Suburban,36,5,6,5,12,5,51,70
341,0,13,Bachelors,Rural,37.9,4,4,1,17,4,55,38
342,0,13,Bachelors,Urban,66.4,2,2,3,6,5,62,69
343,0,7,Bachelors,Suburban,57.4,4,4,3,23,5,55,63
344,0,9,Bachelors,Rural,39.6,5,3,4,11,5,61,62
345,0,0,Bachelors,Urban,52.1,8,6,3,25,5,70,80
346,1,15,Bachelors,Urban,46.5,6,8,7,30,5,81,96
347,1,19,Bachelors,Urban,44.9,6,5,6,5,5,64,69
348,0,1,Bachelors,Suburban,46.2,6,6,3,12,4,67,78
349,0,15,Masters,Rural,43.8,4,2,3,6,5,59,79
350,0,15,Bachelors,Urban,57.8,6,6,5,25,5,64,63
351,0,14,Bachelors,Urban,29.2,7,10,7,26,5,62,81
352,0,13,Bachelors,Suburban,53.6,4,6,4,17,5,57,67
353,0,25,Masters,Urban,66.7,7,7,7,27,5,60,79
354,0,15,Masters,Suburban,48,5,5,4,10,5,64,67
355,0,23,Bachelors,Rural,50.2,4,4,5,13,5,71,86
356,0,16,Bachelors,Rural,32.8,4,5,4,12,5,52,55
357,1,16,Bachelors,Suburban,69.2,6,7,4,25,4,62,84
358,0,8,Masters,Suburban,57.3,6,6,3,12,3,63,66
359,0,34,Masters,Suburban,36.8,4,4,3,1,5,69,69
360,0,12,Masters,Rural,61.4,7,7,5,21,5,79,82
361,0,8,Bachelors,Urban,41,5,4,6,10,4,59,66
362,0,15,Masters,Suburban,69.1,5,6,4,16,5,69,74
363,1,15,Masters,Suburban,71.1,5,7,7,25,5,68,70
364,0,18,Masters,Urban,67,5,7,3,17,5,66,63
365,0,5,Bachelors,Rural,67.1,5,6,3,18,5,60,71
366,0,11,Bachelors,Rural,66.1,4,4,1,11,5,71,78
367,0,25,Bachelors,Suburban,50.3,3,1,4,14,5,34,35
368,0,8,Bachelors,Urban,22.7,7,6,5,24,5,60,54
369,1,9,Masters,Rural,39,7,8,4,20,5,73,73
370,0,17,Masters,Suburban,65.8,6,6,4,10,5,64,61
371,0,7,Bachelors,Rural,37.4,3,3,3,10,5,42,42
372,0,21,Masters,Urban,40.1,6,7,5,11,5,43,40
373,0,15,Bachelors,Rural,73.3,4,1,2,1,5,57,53
374,0,13,Bachelors,Suburban,38.9,6,5,5,9,5,69,83
375,0,0,Masters,Urban,60.5,6,6,4,10,5,60,57
376,0,9,Bachelors,Urban,76,6,5,6,20,5,66,54
377,0,28,Masters,Rural,55.7,5,5,1,9,5,67,57
378,0,10,Bachelors,Urban,64.9,5,6,5,21,5,73,78
379,0,17,Masters,Suburban,51.6,5,4,5,10,5,67,61
380,0,5,Bachelors,Suburban,53.4,4,3,3,17,3,63,53
381,0,0,Bachelors,Urban,88.9,6,7,6,17,5,65,78
382,0,18,Bachelors,Urban,28.3,5,4,4,20,5,56,63
383,0,24,Bachelors,Urban,55.2,5,5,3,4,5,67,66
384,1,0,Masters,Urban,29.6,8,8,7,30,5,64,62
385,0,19,Bachelors,Urban,72.8,2,1,4,14,5,66,67
386,0,15,Bachelors,Urban,49.4,5,4,3,14,5,71,68
387,0,9,Bachelors,Suburban,44.7,7,6,4,24,5,66,80
388,0,26,Masters,Urban,60.8,5,5,5,7,5,67,70
389,1,4,Bachelors,Rural,80.9,7,8,5,28,5,85,100
390,0,11,Bachelors,Rural,22.9,7,8,6,26,4,57,75
391,0,17,Bachelors,Suburban,10,5,6,5,17,3,40,56
392,0,3,Masters,Suburban,48.2,4,3,2,15,5,57,48
393,0,21,Masters,Suburban,15,3,2,2,5,5,28,27
394,0,11,Bachelors,Suburban,62.2,5,6,5,12,5,91,66
395,0,22,Bachelors,Urban,47.6,2,2,3,11,4,72,66
396,1,12,Masters,Rural,30.8,4,5,5,16,3,43,31
397,0,6,Bachelors,Suburban,44.5,6,6,6,8,5,68,74
398,1,1,Bachelors,Suburban,65.5,7,8,6,25,5,82,100
399,0,1,Bachelors,Urban,42.8,6,7,6,18,5,64,73
400,0,11,Bachelors,Urban,55.8,8,9,3,27,5,78,91
401,1,0,Bachelors,Suburban,68.7,5,7,5,27,5,91,100
402,1,0,Bachelors,Suburban,51.7,3,5,4,19,5,53,73
403,0,28,Masters,Rural,83.4,6,6,5,16,5,57,64
404,1,11,Masters,Rural,55.4,5,4,3,17,5,75,70
405,0,23,Bachelors,Suburban,40.5,4,4,4,4,5,71,86
406,0,25,Bachelors,Urban,74.7,4,6,4,17,5,76,88
407,1,13,Bachelors,Rural,55.6,7,8,4,29,5,75,84
408,0,12,Bachelors,Urban,26.8,5,4,4,12,5,51,48
409,0,14,Bachelors,Suburban,42.3,6,7,5,14,5,49,41
410,0,17,Masters,Suburban,67.2,6,6,4,22,5,69,81
411,1,18,Bachelors,Rural,39.2,6,5,8,12,4,55,62
412,0,0,Bachelors,Rural,76.1,6,6,5,14,5,65,62
413,0,12,Bachelors,Rural,54,3,4,6,14,5,82,69
414,0,17,Masters,Urban,41.7,5,6,3,9,5,66,59
415,0,11,Bachelors,Rural,55.9,4,3,4,6,5,75,86
416,0,14,Bachelors,Suburban,69.9,5,6,4,10,5,66,63
417,0,19,Masters,Suburban,38,6,6,4,12,5,47,50
418,1,11,Bachelors,Rural,60,9,8,6,23,5,88,100
419,0,24,Bachelors,Urban,58.9,6,8,4,13,4,53,72
420,1,16,Bachelors,Suburban,51.9,4,5,5,27,5,61,86
421,0,0,Bachelors,Suburban,43.1,9,10,4,24,5,60,68
422,0,11,Bachelors,Rural,39.7,6,5,2,11,5,60,55
423,0,17,Masters,Urban,49.2,4,4,6,6,4,71,63
424,0,13,Bachelors,Urban,41.4,5,4,4,3,5,71,89
425,0,1,Bachelors,Rural,53.2,6,5,2,11,5,77,73
426,0,0,Masters,Urban,55.4,6,4,4,8,4,67,61
427,0,11,Masters,Urban,84.2,7,7,5,22,5,84,100
428,0,17,Bachelors,Suburban,43.4,6,3,3,7,5,64,74
429,1,6,Bachelors,Urban,45.2,5,4,5,17,4,57,70
430,0,15,Bachelors,Urban,47.7,5,6,3,5,5,69,57
431,0,17,Masters,Suburban,48,7,8,5,31,5,72,66
432,0,20,Bachelors,Rural,56.7,3,4,3,13,5,74,86
433,1,17,Masters,Suburban,83.7,7,9,7,23,5,78,92
434,1,14,Bachelors,Rural,52.7,5,8,5,11,5,74,76
435,1,0,Masters,Urban,45.9,6,7,6,15,5,75,78
436,0,8,Bachelors,Suburban,49.4,5,4,6,16,5,76,85
437,0,19,Masters,Urban,71.1,4,2,3,2,5,74,69
438,1,16,Bachelors,Rural,46,8,9,5,32,4,65,61
439,0,5,Bachelors,Suburban,30.6,5,7,6,32,4,75,80
440,0,15,Bachelors,Suburban,46.3,6,5,3,7,5,65,69
441,0,11,Bachelors,Rural,32.2,7,7,4,15,4,46,53
442,0,22,Masters,Rural,45.4,6,6,3,14,5,68,86
443,0,12,Bachelors,Suburban,58.8,5,4,3,14,4,66,72
444,0,9,Masters,Suburban,24.7,6,6,4,14,4,62,63
445,0,10,Masters,Rural,42,6,7,5,14,4,64,61
446,0,5,Masters,Suburban,49.7,7,7,4,19,5,71,87
447,0,22,Bachelors,Rural,52.8,4,4,1,13,5,43,49
448,0,13,Masters,Suburban,70.2,5,5,5,15,5,64,67
449,0,7,Bachelors,Suburban,67.9,3,4,5,9,5,64,57
450,0,15,Bachelors,Urban,40.7,7,8,6,28,5,77,92
451,0,19,Bachelors,Urban,47.4,4,3,3,8,5,54,53
452,0,9,Bachelors,Rural,25.3,4,4,6,16,5,56,67
453,0,10,Masters,Rural,30,7,5,5,21,4,88,100
454,1,12,Masters,Rural,34.9,7,7,5,19,4,62,79
455,0,0,Bachelors,Rural,53.4,6,6,3,21,5,90,94
456,1,13,Bachelors,Suburban,38.2,4,5,6,24,4,64,70
457,1,12,Bachelors,Urban,64.2,6,6,3,19,5,61,58
458,1,10,Bachelors,Suburban,55.2,6,7,7,27,5,68,76
459,0,4,Bachelors,Suburban,70.5,6,7,4,9,5,73,92
460,0,21,Bachelors,Urban,66.6,5,4,2,5,5,77,71
461,0,8,Bachelors,Urban,51.5,7,8,6,25,5,78,90
462,0,13,Bachelors,Rural,45.5,6,7,5,14,5,68,70
463,0,29,Bachelors,Urban,27.3,7,8,6,28,5,48,46
464,1,7,Masters,Suburban,57.9,7,8,4,26,5,65,72
465,0,7,Bachelors,Urban,48.1,6,5,3,21,5,69,68
466,0,13,Bachelors,Urban,54.9,4,3,3,17,5,69,70
467,0,10,Bachelors,Suburban,46.8,6,5,1,12,4,57,69
468,0,8,Bachelors,Urban,72.7,5,6,3,5,5,86,90
469,0,15,Masters,Suburban,60.4,6,6,5,16,5,79,84
470,0,14,Masters,Suburban,59.8,4,6,5,12,5,60,78
471,0,3,Bachelors,Urban,37.2,6,6,7,18,5,73,71
472,0,1,Masters,Urban,45.8,6,7,2,9,5,77,88
473,0,17,Masters,Urban,38.9,6,7,3,15,5,60,69
474,0,5,Masters,Rural,61.7,4,3,2,10,5,37,36
475,1,4,Bachelors,Urban,45.7,9,10,5,22,5,93,100
476,1,22,Bachelors,Rural,60,10,10,6,29,5,82,100
477,0,13,Masters,Suburban,21.1,2,1,3,6,5,67,53
478,0,8,Masters,Suburban,52.7,9,8,8,23,5,64,68
479,0,18,Bachelors,Suburban,33.6,6,6,4,21,5,79,92
480,0,22,Bachelors,Urban,52.1,9,10,4,25,5,76,81
481,1,20,Bachelors,Suburban,60.6,5,5,4,20,5,82,75
482,0,4,Bachelors,Suburban,41.6,5,6,7,15,4,76,85
483,0,7,Masters,Suburban,49.9,4,4,6,16,5,63,62
484,0,15,Bachelors,Urban,31.1,5,6,6,13,2,61,58
485,0,1,Masters,Urban,39.5,4,5,3,9,5,56,51
486,0,9,Bachelors,Urban,21.9,4,3,4,19,4,53,37
487,1,12,Masters,Rural,47.7,5,5,3,20,4,72,86
488,1,11,Bachelors,Suburban,45,6,8,7,28,5,52,63
489,1,14,Bachelors,Rural,64.8,4,3,5,14,5,67,62
490,0,13,Bachelors,Urban,56.8,6,6,2,20,5,66,74
491,1,19,Masters,Suburban,49.7,3,4,2,11,5,79,81
492,1,12,Bachelors,Rural,57.9,6,8,6,27,5,56,54
493,0,5,Bachelors,Rural,38.3,2,2,3,7,4,67,66
494,0,11,Masters,Urban,52.6,7,6,3,19,5,60,57
495,1,10,Masters,Suburban,25.9,5,6,3,23,3,54,45
496,0,12,Bachelors,Urban,24.9,5,7,5,8,3,44,60
497,1,24,Bachelors,Suburban,64.1,3,3,2,5,5,63,73
498,0,17,Bachelors,Urban,51.2,2,1,1,3,5,62,68
499,0,26,Masters,Suburban,71.2,5,5,5,17,5,72,78
500,0,21,Bachelors,Suburban,47.4,8,9,5,22,5,60,79
501,1,26,Masters,Suburban,29.3,5,6,4,18,5,65,74
502,1,1,Bachelors,Rural,36.5,7,8,6,29,4,76,76
503,0,6,Masters,Rural,73.2,8,8,4,18,5,62,70
504,0,8,Masters,Urban,22.7,6,8,5,26,4,66,72
505,0,10,Bachelors,Suburban,37.5,6,7,4,15,5,43,51
506,0,9,Masters,Rural,69.2,8,9,4,24,5,63,66
507,0,16,Bachelors,Suburban,47.7,5,5,3,9,5,56,64
508,0,2,Masters,Rural,23.2,6,6,3,17,5,68,86
509,0,8,Masters,Urban,45.5,6,5,2,15,5,65,50
510,1,8,Bachelors,Rural,56.7,5,6,5,16,5,68,75
511,0,9,Bachelors,Urban,66,8,7,3,15,5,74,99
512,0,7,Masters,Rural,35.2,4,4,5,15,5,62,40
513,0,22,Bachelors,Rural,77.9,5,4,1,11,5,69,68
514,0,18,Bachelors,Suburban,49.8,4,6,6,19,5,70,66
515,0,14,Masters,Urban,58.5,4,3,1,16,4,74,76
516,0,1,Bachelors,Rural,41,5,5,3,14,5,58,62
517,0,35,Bachelors,Suburban,69.3,3,2,1,0,5,57,57
518,0,19,Bachelors,Urban,70,3,2,4,5,5,62,77
519,0,22,Bachelors,Suburban,41.7,6,5,5,8,5,58,53
520,0,0,Bachelors,Urban,39.3,7,6,3,19,5,66,41
521,0,10,Masters,Rural,38.6,3,1,2,6,5,48,32
522,0,18,Bachelors,Urban,73.5,7,7,4,19,5,65,59
523,1,15,Masters,Urban,58,4,3,5,10,5,70,67
524,0,17,Bachelors,Rural,53.1,6,7,4,14,5,75,88
525,0,17,Bachelors,Suburban,64.9,5,6,3,13,5,74,78
526,0,9,Bachelors,Rural,41.9,7,6,4,10,5,86,89
527,0,10,Masters,Urban,46,5,7,2,12,5,61,86
528,0,5,Bachelors,Urban,63.9,6,7,5,28,5,76,71
529,0,21,Bachelors,Suburban,26.6,2,1,4,0,4,35,48
530,0,0,Masters,Urban,59.7,9,10,5,31,5,73,84
531,1,10,Bachelors,Urban,27.3,4,4,5,15,5,70,72
532,1,18,Masters,Suburban,37,5,3,3,19,5,56,76
533,0,10,Masters,Suburban,55.2,7,7,5,28,5,69,83
534,0,24,Bachelors,Rural,47.2,3,3,1,11,4,61,66
535,1,19,Bachelors,Urban,58.9,4,5,6,18,5,66,69
536,0,5,Masters,Rural,33.7,4,3,5,15,5,66,70
537,0,12,Masters,Suburban,44.3,7,8,6,16,5,77,82
538,0,12,Bachelors,Suburban,48,5,4,2,14,4,62,77
539,0,14,Bachelors,Suburban,54.4,5,4,3,18,5,80,93
540,1,8,Masters,Suburban,38,8,6,5,24,4,59,63
541,1,7,Bachelors,Urban,84.6,8,9,6,27,5,65,71
542,0,10,Bachelors,Suburban,34.8,6,5,6,10,4,79,92
543,0,19,Masters,Rural,35.9,7,7,4,21,5,53,47
544,0,21,Masters,Urban,48.4,4,2,3,6,5,54,49
545,0,7,Masters,Suburban,33,6,4,4,18,5,65,79
546,0,12,Masters,Suburban,42.2,8,7,4,19,5,57,62
547,0,4,Masters,Rural,54.8,5,5,3,19,5,53,58
548,0,6,Bachelors,Rural,59,5,4,3,4,5,67,76
549,0,7,Masters,Rural,58.5,3,6,2,6,5,69,76
550,0,1,Bachelors,Rural,37.8,5,5,1,5,5,71,74
551,0,0,Masters,Urban,55.9,7,7,2,18,5,93,100
552,0,18,Masters,Urban,47.6,6,7,6,16,4,57,60
553,0,15,Bachelors,Rural,36.9,3,4,5,12,5,80,76
554,0,5,Bachelors,Urban,29.5,5,4,5,10,4,48,50
555,0,20,Masters,Rural,56,4,2,1,11,5,60,52
556,0,26,Bachelors,Rural,29.5,4,3,4,5,3,62,80
557,1,0,Bachelors,Suburban,87.4,5,6,5,25,5,74,80
558,1,21,Masters,Urban,37.4,5,6,4,11,4,51,73
559,0,22,Bachelors,Suburban,64.3,4,6,4,15,5,83,82
560,1,13,Bachelors,Rural,68.8,6,7,8,23,5,86,86
561,0,8,Bachelors,Urban,66,5,5,5,23,5,71,74
562,1,3,Bachelors,Rural,67.4,7,8,10,20,5,62,80
563,0,5,Bachelors,Suburban,69.1,7,7,5,13,5,79,90
564,0,7,Bachelors,Rural,63.9,5,5,5,18,5,82,94
565,0,0,Bachelors,Urban,51.5,7,6,3,19,5,67,89
566,1,7,Bachelors,Rural,58.4,7,10,7,29,5,91,100
567,0,20,Masters,Rural,57,6,5,5,16,5,86,100
568,1,6,Bachelors,Suburban,40.1,8,9,7,27,5,78,80
569,0,25,Bachelors,Urban,56,7,5,5,17,5,70,62
570,0,12,Bachelors,Urban,30.4,4,5,4,16,4,64,62
571,1,13,Masters,Suburban,43.4,5,5,3,14,3,54,70
572,0,16,Masters,Rural,31.7,7,8,1,19,5,59,65
573,0,4,Bachelors,Urban,37.4,7,8,4,14,4,55,57
574,0,6,Bachelors,Suburban,39.8,8,6,5,18,4,73,79
575,0,9,Bachelors,Suburban,82.9,6,5,1,15,5,84,86
576,0,26,Masters,Urban,32.7,3,3,2,0,4,72,68
577,1,15,Masters,Urban,46.5,6,5,2,15,5,65,49
578,0,11,Bachelors,Suburban,44.2,5,7,6,17,5,63,62
579,1,3,Masters,Suburban,50.4,7,8,6,26,5,51,67
580,0,11,Masters,Rural,24.4,3,3,5,6,5,61,66
581,1,15,Bachelors,Rural,41.6,7,8,6,25,5,66,88
582,0,9,Masters,Urban,32.9,7,7,4,16,5,69,78
583,1,5,Bachelors,Suburban,66.4,5,5,4,20,5,80,91
584,1,4,Bachelors,Urban,52.5,7,8,7,16,5,71,84
585,1,10,Masters,Urban,67.6,8,9,7,27,5,75,75
586,1,15,Bachelors,Urban,60.3,4,5,5,9,5,80,79
587,0,20,Bachelors,Urban,72.7,7,9,8,22,5,72,74
588,0,1,Bachelors,Rural,40.5,6,6,6,19,5,70,69
589,0,6,Bachelors,Rural,32.5,4,2,4,3,4,68,65
590,0,0,Masters,Suburban,43.6,7,7,4,17,4,68,73
591,0,13,Bachelors,Rural,52.9,4,3,3,14,5,65,64
592,1,18,Masters,Rural,35,8,10,8,22,5,74,87
593,0,14,Masters,Urban,57.8,5,6,3,15,5,75,66
594,0,22,Bachelors,Suburban,39.9,5,7,7,11,5,48,44
595,1,17,Masters,Urban,55.6,7,8,7,19,5,79,68
596,0,7,Bachelors,Suburban,43.8,8,9,6,24,3,72,90
597,0,24,Masters,Suburban,67.4,7,7,4,16,5,63,64
598,0,16,Bachelors,Suburban,37.2,2,3,6,12,5,50,63
599,0,17,Masters,Suburban,47.9,6,7,2,27,5,74,71
600,0,5,Bachelors,Urban,40.7,5,4,5,19,5,64,72
601,0,10,Masters,Urban,54,6,5,3,23,5,80,100
602,1,2,Bachelors,Urban,62.2,6,6,6,22,5,86,90
603,0,11,Masters,Urban,58.6,7,5,4,9,5,68,72
604,0,23,Bachelors,Suburban,40.8,5,4,1,4,4,56,66
605,0,8,Masters,Suburban,63.9,5,6,5,23,5,91,97
606,0,13,Bachelors,Urban,56.9,5,8,1,23,5,73,96
607,0,18,Bachelors,Rural,51.2,7,7,6,24,5,76,80
608,0,0,Bachelors,Urban,38.1,7,8,3,19,5,77,84
609,0,1,Masters,Suburban,61.3,4,6,5,12,5,58,67
610,0,5,Masters,Urban,27.6,6,6,2,12,4,47,53
611,0,14,Masters,Urban,20.7,4,4,4,14,4,54,69
612,1,13,Bachelors,Rural,43.2,4,6,5,21,5,61,77
613,0,22,Bachelors,Urban,29.5,3,4,5,8,5,67,78
614,1,2,Bachelors,Urban,54.4,6,8,5,30,5,72,83
615,0,8,Bachelors,Rural,74.4,3,3,2,8,5,76,60
616,0,0,Masters,Urban,42.1,5,4,2,13,5,59,83
617,0,25,Bachelors,Urban,46.1,5,6,3,17,5,79,93
618,0,21,Bachelors,Suburban,61.3,5,4,3,16,5,87,99
619,1,7,Bachelors,Rural,25.5,7,10,4,32,5,70,71
620,0,10,Bachelors,Suburban,27,5,8,6,27,4,57,57
621,0,11,Bachelors,Rural,77.5,5,6,4,26,5,63,73
622,0,26,Bachelors,Urban,42.1,5,5,4,7,3,55,61
623,0,12,Masters,Suburban,46.7,6,7,3,22,5,66,77
624,0,15,Masters,Rural,69.6,5,6,6,16,5,67,74
625,0,18,Masters,Urban,61.6,3,3,4,14,5,68,70
626,0,18,Masters,Rural,22.2,4,5,3,21,5,55,54
627,0,0,Masters,Suburban,67.5,5,5,3,14,5,78,81
628,0,18,Masters,Rural,42.9,3,4,1,8,5,56,69
629,0,5,Masters,Urban,38.2,7,6,4,23,5,73,95
630,0,12,Masters,Suburban,24.9,7,8,3,17,5,73,73
631,0,0,Bachelors,Rural,20.5,4,3,4,10,4,56,76
632,1,14,Bachelors,Suburban,51.3,5,6,6,27,5,61,91
633,0,4,Bachelors,Suburban,62.7,6,8,5,34,5,76,75
634,0,0,Masters,Suburban,24.3,8,8,7,22,4,65,71
635,0,0,Bachelors,Rural,26.4,5,6,2,10,4,73,71
636,0,1,Bachelors,Rural,62.9,4,3,1,10,5,60,52
637,0,16,Bachelors,Urban,54.9,5,4,5,4,5,68,57
638,0,14,Bachelors,Rural,57.2,7,6,5,13,5,65,58
639,0,17,Bachelors,Urban,37.1,5,5,6,4,5,55,61
640,0,8,Bachelors,Urban,43,6,6,3,20,5,65,91
641,0,13,Masters,Suburban,29.2,7,8,6,18,5,53,49
642,0,15,Bachelors,Urban,57.4,3,5,3,21,5,73,90
643,0,11,Masters,Suburban,43.3,5,5,6,10,5,46,56
644,0,3,Bachelors,Rural,37.3,4,4,4,7,5,58,69
645,0,21,Bachelors,Urban,60.4,5,6,7,8,5,64,82
646,1,25,Masters,Urban,41.7,6,6,5,23,5,70,85
647,0,28,Masters,Urban,62.1,4,5,5,19,5,75,79
648,1,19,Bachelors,Rural,44.8,4,3,4,28,5,65,67
649,0,11,Bachelors,Suburban,52.5,5,5,3,27,5,39,55
650,0,11,Masters,Rural,54.2,2,1,2,9,5,60,65
651,0,10,Bachelors,Urban,60.8,7,7,6,25,5,73,81
652,0,10,Masters,Suburban,44,7,7,5,20,5,59,63
653,0,12,Bachelors,Rural,65.4,5,5,6,12,5,67,76
654,1,0,Bachelors,Suburban,58,7,8,7,14,5,60,67
655,1,12,Masters,Urban,79.8,6,6,4,18,5,88,91
656,0,14,Bachelors,Suburban,32,2,5,4,17,5,54,64
657,0,4,Bachelors,Rural,43.8,3,3,3,16,5,58,64
658,0,0,Masters,Urban,56.8,6,8,5,22,5,56,77
659,0,9,Bachelors,Urban,46.1,1,1,1,0,5,55,83
660,0,0,Bachelors,Rural,65.3,6,7,9,11,5,71,75
661,0,25,Bachelors,Suburban,43.5,3,3,5,11,5,58,74
662,0,18,Bachelors,Rural,45,4,5,6,14,4,55,69
663,0,4,Bachelors,Rural,46.7,9,8,6,22,5,81,72
664,0,12,Bachelors,Urban,48.3,5,7,4,15,5,52,51
665,0,11,Bachelors,Urban,51.4,4,5,6,14,5,66,68
666,0,0,Masters,Suburban,30.6,10,9,6,18,3,53,54
667,1,5,Bachelors,Suburban,43.3,7,9,9,31,5,56,65
668,0,20,Bachelors,Urban,65.9,6,7,4,21,5,70,82
669,0,3,Bachelors,Suburban,74,2,3,5,2,5,90,98
670,0,6,Bachelors,Suburban,54.4,7,8,7,17,5,63,71
671,1,6,Bachelors,Urban,26.9,6,6,7,19,5,50,48
672,1,22,Bachelors,Rural,71.5,4,6,4,22,5,73,76
673,0,10,Bachelors,Urban,67.2,7,7,3,13,5,66,66
674,0,16,Bachelors,Urban,49.4,5,4,3,3,5,62,50
675,0,18,Masters,Rural,55.9,5,6,4,15,5,92,100
676,0,9,Bachelors,Rural,66.7,6,5,5,9,5,74,88
677,0,3,Masters,Suburban,62.8,5,6,4,8,5,73,85
678,0,13,Bachelors,Rural,67.2,1,1,6,0,5,84,80
679,1,9,Masters,Urban,29.4,5,6,4,28,5,64,53
680,0,24,Masters,Rural,30,6,7,4,13,4,44,45
681,0,8,Masters,Suburban,45.1,5,5,2,12,3,52,69
682,0,10,Bachelors,Urban,36.2,3,2,2,2,5,59,58
683,0,17,Masters,Suburban,63.9,2,3,3,1,5,47,44
684,0,7,Bachelors,Urban,60.6,8,8,5,14,5,76,75
685,0,12,Masters,Rural,49.1,6,5,6,20,5,70,83
686,0,16,Masters,Urban,38.9,3,3,4,0,4,41,41
687,1,9,Bachelors,Rural,24.9,5,7,2,22,4,66,80
688,1,2,Masters,Urban,40.8,5,6,5,28,5,49,51
689,1,15,Bachelors,Suburban,27.8,5,6,4,23,4,72,57
690,0,10,Masters,Suburban,39.3,6,5,4,14,5,58,55
691,1,0,Bachelors,Rural,45.8,6,7,6,16,4,69,93
692,0,14,Masters,Suburban,49.9,5,3,2,5,5,65,65
693,0,13,Masters,Urban,57.6,7,6,5,7,5,63,61
694,0,0,Masters,Suburban,68.5,6,6,2,18,5,76,70
695,1,8,Bachelors,Urban,54.2,8,9,4,25,4,64,79
696,0,11,Bachelors,Urban,18.5,4,4,4,3,2,48,50
697,1,8,Masters,Urban,37.9,4,5,6,18,5,52,66
698,0,16,Bachelors,Suburban,62.1,4,3,4,7,4,64,57
699,0,0,Masters,Urban,47.3,7,9,6,29,5,64,57
700,0,4,Masters,Suburban,42.6,8,6,4,16,5,91,100
701,0,8,Masters,Urban,64.7,8,7,4,13,5,82,81
702,1,24,Masters,Suburban,48.5,4,4,3,18,5,53,54
703,0,11,Bachelors,Suburban,64.6,5,4,4,12,5,63,77
704,0,4,Bachelors,Suburban,45.3,6,7,8,26,5,95,99
705,0,24,Bachelors,Urban,59.8,6,7,5,18,5,63,93
706,1,10,Bachelors,Urban,44.3,5,6,6,29,4,80,88
707,0,16,Masters,Suburban,57.7,5,5,5,5,5,73,92
708,0,21,Masters,Suburban,56.5,3,3,5,5,4,53,69
709,0,15,Bachelors,Urban,48.3,5,5,3,10,5,44,47
710,0,22,Bachelors,Suburban,70.1,4,2,2,8,5,81,78
711,0,6,Masters,Suburban,49.7,5,6,5,6,4,61,50
712,1,25,Masters,Rural,55.6,4,3,7,18,5,57,63
713,0,0,Bachelors,Rural,64.6,7,4,5,8,5,71,68
714,0,4,Masters,Urban,56.4,7,7,6,14,5,59,76
715,1,7,Masters,Urban,45.9,6,7,5,29,5,54,48
716,0,14,Bachelors,Urban,28,5,4,3,15,5,66,74
717,0,8,Bachelors,Suburban,66.8,8,8,7,22,5,64,75
718,0,17,Masters,Urban,18.6,4,4,4,14,4,60,66
719,0,15,Bachelors,Rural,58.9,5,6,3,17,5,87,88
720,0,17,Bachelors,Urban,31.7,8,8,7,14,5,61,78
721,0,24,Masters,Rural,49,4,5,3,16,5,55,57
722,1,1,Bachelors,Urban,48.7,9,9,7,28,5,94,99
723,0,20,Bachelors,Rural,23.4,3,3,3,9,4,43,40
724,1,10,Bachelors,Urban,40.2,9,8,4,26,5,70,84
725,0,6,Bachelors,Suburban,30.8,8,7,7,20,5,66,61
726,1,0,Bachelors,Rural,33.9,5,4,6,16,4,83,100
727,0,5,Bachelors,Suburban,46.9,5,7,5,20,5,85,83
728,0,10,Bachelors,Urban,42.9,3,3,3,11,4,38,51
729,0,0,Bachelors,Urban,61,8,9,6,31,5,75,97
730,0,9,Bachelors,Rural,34.7,5,5,3,8,5,50,43
731,1,16,Bachelors,Rural,38.2,4,5,3,18,5,57,69
732,0,2,Bachelors,Urban,50.6,7,6,5,17,3,61,74
733,1,12,Bachelors,Urban,22.1,7,9,8,18,3,63,64
734,0,1,Bachelors,Suburban,47.5,6,5,5,18,5,67,74
735,0,12,Bachelors,Suburban,46.3,7,6,3,18,4,58,71
736,0,19,Bachelors,Rural,35.7,4,5,5,18,5,65,89
737,0,0,Masters,Suburban,41.7,7,6,3,19,5,64,61
738,0,30,Bachelors,Rural,25.4,4,5,5,6,4,75,85
739,0,3,Bachelors,Rural,38.3,7,6,4,9,5,73,71
740,0,20,Bachelors,Rural,44.1,7,7,4,18,4,73,71
741,1,29,Bachelors,Urban,43,6,5,4,22,5,67,68
742,0,4,Masters,Urban,39,6,8,4,19,4,61,55
743,0,7,Masters,Urban,17.8,4,4,3,16,3,39,27
744,1,20,Bachelors,Urban,52,4,5,6,18,5,50,38
745,0,5,Bachelors,Suburban,31.6,7,7,4,28,5,64,74
746,1,4,Masters,Urban,46.3,6,6,8,25,5,70,78
747,1,25,Bachelors,Suburban,50.7,4,6,3,20,5,59,82
748,1,26,Masters,Suburban,56,5,7,6,21,5,63,89
749,1,10,Bachelors,Urban,48.3,6,7,8,19,5,73,88
750,0,30,Bachelors,Suburban,41.5,5,5,4,8,4,61,64
751,0,27,Masters,Suburban,35.1,6,7,7,15,5,74,76
752,0,11,Bachelors,Suburban,65.6,4,4,3,14,5,70,83
753,0,5,Bachelors,Urban,50.9,5,5,5,13,5,83,100
754,0,7,Masters,Rural,32.8,4,6,6,31,3,48,63
755,0,23,Bachelors,Urban,21.9,5,4,4,13,4,42,31
756,0,16,Masters,Rural,56.9,6,6,2,10,5,74,99
757,0,17,Bachelors,Suburban,54.3,6,7,5,14,5,61,55
758,0,12,Bachelors,Rural,66.2,5,4,4,21,5,78,87
759,0,13,Bachelors,Urban,66.4,6,5,2,11,5,84,92
760,0,8,Bachelors,Suburban,83.9,7,6,6,19,5,71,76
761,0,21,Masters,Urban,30.7,7,7,7,17,5,55,68
762,0,9,Masters,Suburban,31.7,6,7,6,20,5,46,47
763,0,28,Masters,Urban,27.5,7,8,4,23,4,75,80
764,1,17,Bachelors,Suburban,41.1,5,4,2,18,5,64,59
765,0,20,Masters,Urban,61.5,7,7,2,16,5,74,72
766,0,24,Masters,Suburban,56.1,5,3,4,8,4,89,94
767,0,12,Bachelors,Rural,64.6,6,9,5,22,5,65,66
768,0,0,Masters,Suburban,29.5,7,7,4,18,5,58,70
769,0,7,Bachelors,Rural,49.8,5,6,2,17,5,72,85
770,0,17,Bachelors,Urban,57.2,3,1,2,11,5,57,59
771,0,22,Masters,Rural,52.3,2,2,2,6,5,76,79
772,0,14,Bachelors,Rural,68.2,6,5,5,8,5,64,72
773,0,19,Bachelors,Rural,37.4,6,4,4,9,5,54,61
774,1,20,Masters,Urban,59.3,5,5,3,15,5,65,69
775,0,20,Bachelors,Suburban,52.3,3,3,3,12,5,72,54
776,0,18,Masters,Suburban,56.1,5,5,3,5,5,61,67
777,0,10,Bachelors,Urban,26.3,5,4,4,15,4,80,83
778,0,20,Masters,Urban,62.6,5,5,3,9,4,57,64
779,1,8,Bachelors,Suburban,60.9,3,5,3,19,5,66,89
780,0,15,Masters,Urban,52,6,5,3,12,5,58,65
781,0,8,Bachelors,Rural,44.8,4,1,2,3,5,74,77
782,0,16,Bachelors,Urban,73.7,2,2,4,17,5,76,100
783,0,16,Bachelors,Urban,47,3,3,2,17,5,80,81
784,0,11,Masters,Urban,56.2,7,9,3,23,5,71,64
785,0,12,Masters,Urban,41.7,3,3,3,4,5,41,44
786,0,15,Bachelors,Suburban,47.4,7,7,4,15,4,62,86
787,0,3,Masters,Rural,11.4,6,6,3,9,5,52,56
788,0,20,Bachelors,Urban,35.2,4,2,5,8,4,50,52
789,0,14,Bachelors,Suburban,67.7,5,5,3,4,5,60,69
790,0,16,Bachelors,Urban,45.3,7,6,3,27,5,73,71
791,0,11,Bachelors,Rural,30.7,4,6,5,7,5,56,63
792,0,0,Bachelors,Urban,26.7,4,5,4,16,3,77,93
793,1,18,Bachelors,Suburban,55.3,4,2,4,9,5,56,62
794,0,10,Bachelors,Suburban,34.6,1,1,2,1,4,54,50
795,0,17,Bachelors,Suburban,88.7,3,2,1,12,5,61,55
796,0,28,Masters,Urban,68.4,4,4,4,13,5,77,72
797,1,3,Bachelors,Suburban,66.3,5,7,4,21,5,81,100
798,0,23,Bachelors,Rural,51.9,5,4,3,5,5,63,82
799,0,9,Masters,Urban,33.2,7,9,6,15,5,67,73
800,0,12,Bachelors,Rural,54.3,5,4,4,14,5,62,73
801,1,8,Bachelors,Urban,59.6,5,6,7,21,5,56,52
802,0,8,Bachelors,Rural,48.6,10,10,8,19,5,73,80
803,0,3,Bachelors,Suburban,37.9,3,4,1,19,5,71,75
804,0,13,Bachelors,Urban,74.1,3,3,3,12,5,65,77
805,1,16,Masters,Urban,56.2,8,5,8,17,5,58,74
806,1,11,Bachelors,Suburban,44,2,2,4,13,5,74,77
807,0,0,Masters,Urban,51.7,6,7,4,15,5,80,90
808,1,9,Masters,Suburban,59.8,7,7,6,30,5,72,78
809,0,15,Masters,Suburban,66,7,7,6,22,5,63,68
810,0,6,Bachelors,Suburban,21.7,4,5,7,6,4,58,39
811,1,7,Masters,Suburban,28.4,4,5,3,30,5,45,50
812,0,3,Masters,Urban,56.9,5,6,5,12,5,67,78
813,0,17,Bachelors,Rural,59,4,5,5,2,5,65,52
814,0,7,Bachelors,Suburban,36.7,6,6,8,16,4,55,65
815,0,37,Masters,Urban,55.4,5,6,5,23,5,60,69
816,1,20,Masters,Urban,24.6,5,6,5,23,4,49,41
817,0,11,Bachelors,Urban,43.1,5,5,6,8,5,60,45
818,0,12,Masters,Rural,65.4,7,8,4,20,5,62,88
819,1,6,Bachelors,Suburban,51.9,4,7,4,19,5,58,71
820,0,14,Masters,Suburban,61.4,3,2,2,7,5,77,70
821,0,12,Bachelors,Urban,35.2,4,2,2,13,5,28,28
822,0,0,Bachelors,Urban,52.1,7,6,5,19,5,66,70
823,0,0,Masters,Urban,26.9,8,7,4,20,5,47,46
824,1,17,Bachelors,Urban,50.4,4,4,6,10,5,65,73
825,0,0,Masters,Urban,34.7,5,5,5,18,5,73,81
826,0,9,Bachelors,Rural,23.6,5,5,5,17,4,44,52
827,0,25,Bachelors,Urban,36.7,9,10,6,31,5,66,69
828,0,0,Masters,Urban,79.4,8,10,4,24,5,71,78
829,0,14,Bachelors,Urban,42.6,6,5,5,17,5,62,64
830,0,25,Masters,Suburban,42.7,5,6,3,21,4,77,90
831,0,16,Bachelors,Urban,42,5,3,3,11,5,66,64
832,0,22,Bachelors,Rural,39.4,2,2,2,1,5,49,47
833,1,4,Bachelors,Rural,38.2,4,3,4,3,5,50,46
834,0,17,Bachelors,Rural,50.6,5,3,4,1,4,53,63
835,0,13,Bachelors,Urban,47.6,6,6,1,11,5,70,63
836,0,23,Bachelors,Suburban,60.6,5,4,2,6,5,74,81
837,1,32,Bachelors,Suburban,60.1,3,3,4,16,5,63,54
838,1,13,Bachelors,Urban,56.7,5,6,3,19,5,77,78
839,0,21,Bachelors,Suburban,48,3,4,3,15,4,50,49
840,0,9,Masters,Suburban,53.5,6,5,3,15,4,59,73
841,0,9,Bachelors,Urban,66.7,5,7,5,26,5,75,80
842,1,8,Bachelors,Suburban,48.4,6,6,6,18,5,73,77
843,0,1,Masters,Suburban,50.6,6,5,1,18,5,66,67
844,0,13,Masters,Urban,23,9,10,5,22,4,66,62
845,0,12,Bachelors,Suburban,34.2,5,7,4,22,4,45,46
846,0,18,Bachelors,Rural,55.7,5,4,3,11,5,70,82
847,0,10,Masters,Suburban,27.6,4,4,1,31,3,50,68
848,0,5,Bachelors,Rural,49,5,5,8,18,5,70,63
849,1,11,Masters,Suburban,44.5,7,6,5,23,4,65,85
850,0,27,Masters,Suburban,62.7,5,5,3,16,5,70,79
851,0,16,Masters,Suburban,56.5,4,2,1,5,5,67,65
852,1,14,Bachelors,Rural,42,5,3,3,19,5,49,49
853,0,20,Bachelors,Rural,64.1,2,1,1,4,5,69,66
854,0,26,Bachelors,Urban,54.5,3,3,3,8,5,67,75
855,0,26,Masters,Suburban,50.9,5,5,3,6,5,55,57
856,1,9,Bachelors,Suburban,67.7,4,6,7,14,5,86,92
857,0,11,Bachelors,Urban,54.4,4,6,3,7,5,67,89
858,1,9,Bachelors,Urban,67.2,6,6,2,15,5,66,73
859,0,10,Masters,Rural,47.7,6,5,3,15,5,62,80
860,1,16,Bachelors,Rural,59.5,6,8,4,30,5,86,98
861,1,8,Masters,Urban,63.7,8,8,7,27,5,81,100
862,0,3,Masters,Suburban,40.1,5,5,4,22,4,53,70
863,0,10,Bachelors,Urban,45.6,4,5,4,25,5,61,81
864,0,24,Bachelors,Suburban,28,7,7,5,24,4,58,58
865,0,27,Masters,Urban,48.4,2,2,1,11,5,60,74
866,0,9,Bachelors,Rural,39.2,5,3,5,8,3,65,66
867,1,19,Bachelors,Urban,45.5,5,5,3,17,5,60,73
868,1,11,Bachelors,Rural,40.9,7,7,8,25,5,66,80
869,0,11,Bachelors,Urban,44.3,4,2,1,17,5,58,62
870,0,7,Bachelors,Suburban,42.2,4,3,4,14,3,76,79
871,0,0,Bachelors,Rural,40.7,6,4,1,12,5,76,75
872,0,26,Bachelors,Rural,43.5,2,1,3,4,5,63,70
873,0,18,Bachelors,Rural,70.5,5,3,1,10,5,75,78
874,0,0,Masters,Urban,35.8,8,10,5,21,5,69,83
875,0,9,Masters,Rural,63.5,5,5,4,9,5,71,74
876,1,24,Masters,Urban,38,4,3,4,15,4,72,84
877,0,13,Bachelors,Urban,54.6,7,8,6,14,5,62,77
878,0,14,Bachelors,Urban,36.3,5,5,2,11,5,75,84
879,0,19,Bachelors,Suburban,33.9,7,7,5,15,5,57,73
880,1,20,Masters,Suburban,56.7,6,7,8,17,5,66,98
881,0,17,Masters,Suburban,47,7,7,5,29,3,78,85
882,0,15,Bachelors,Urban,27.4,5,7,4,17,4,52,60
883,1,24,Bachelors,Suburban,60.9,4,6,7,21,5,75,90
884,0,26,Bachelors,Suburban,41.2,3,4,4,9,5,52,47
885,0,14,Masters,Suburban,52.1,7,6,1,19,5,73,78
886,0,10,Bachelors,Rural,55.4,5,5,5,12,5,41,52
887,0,12,Bachelors,Urban,31.8,4,2,2,17,4,47,35
888,0,15,Masters,Urban,39.9,7,8,6,25,5,56,58
889,1,7,Bachelors,Urban,73.5,5,6,5,19,5,58,53
890,1,17,Bachelors,Urban,59.3,4,4,3,16,5,71,69
891,0,2,Masters,Rural,28.5,6,9,5,25,5,60,64
892,0,30,Bachelors,Suburban,45.3,4,5,6,21,5,51,45
893,0,0,Bachelors,Suburban,32.8,4,3,2,8,3,64,63
894,0,13,Masters,Urban,65.7,7,5,4,10,5,71,71
895,0,12,Masters,Urban,49.9,7,9,7,21,5,84,99
896,0,16,Bachelors,Urban,45.6,7,6,7,11,5,64,74
897,1,9,Bachelors,Suburban,65.2,4,3,3,13,5,83,83
898,0,31,Bachelors,Suburban,66.7,5,4,6,15,5,75,75
899,0,11,Bachelors,Rural,15.6,5,4,5,6,3,58,83
900,0,12,Bachelors,Rural,59.8,4,3,1,9,5,78,92
901,0,21,Bachelors,Suburban,44,4,4,5,9,5,72,68
902,0,18,Bachelors,Suburban,60.6,4,3,5,10,5,54,64
903,0,13,Masters,Rural,37.4,5,3,1,10,5,47,56
904,1,11,Bachelors,Suburban,59.4,7,7,6,30,5,82,99
905,0,10,Masters,Rural,37,7,4,5,7,5,68,58
906,0,1,Masters,Urban,54.7,9,8,7,16,5,76,78
907,0,17,Bachelors,Urban,31.5,7,7,2,21,5,54,63
908,0,16,Bachelors,Urban,51.2,4,6,7,22,5,55,79
909,0,4,Bachelors,Rural,81.3,7,7,6,19,5,68,58
910,0,11,Bachelors,Urban,68.2,6,4,1,19,5,80,77
911,0,22,Bachelors,Urban,63.3,6,6,3,8,5,63,58
912,0,22,Masters,Suburban,34.4,9,7,4,16,4,66,76
913,0,2,Bachelors,Urban,69.7,6,5,2,7,5,83,89
914,1,18,Bachelors,Urban,62.9,5,4,5,20,5,75,86
915,0,13,Bachelors,Urban,41.8,4,5,3,11,5,58,74
916,1,15,Masters,Urban,45,6,5,3,19,4,65,77
917,0,5,Bachelors,Suburban,40.9,5,4,7,8,5,83,88
918,1,10,Bachelors,Rural,62.4,6,8,6,23,5,79,98
919,0,0,Bachelors,Rural,37,6,5,2,24,5,72,77
920,1,6,Bachelors,Rural,44.9,6,7,6,18,4,65,73
921,0,10,Masters,Suburban,33.1,5,6,4,20,5,72,63
922,0,22,Bachelors,Suburban,60.9,3,4,2,8,5,52,68
923,0,4,Bachelors,Urban,27.4,5,4,5,4,5,57,61
924,1,14,Bachelors,Urban,31.6,8,7,5,30,4,75,83
925,0,13,Masters,Suburban,27,3,3,3,8,3,47,67
926,0,1,Masters,Urban,40.5,6,5,3,11,4,74,64
927,0,14,Bachelors,Rural,54.3,3,3,4,12,4,68,77
928,0,25,Masters,Suburban,29.6,4,3,3,7,5,59,68
929,0,20,Bachelors,Urban,72.2,6,7,3,11,5,78,91
930,1,21,Bachelors,Urban,53.1,6,5,4,19,5,76,74
931,0,10,Bachelors,Urban,43.3,7,7,4,22,4,78,81
932,0,20,Bachelors,Rural,50.9,3,3,1,10,5,83,65
933,1,0,Bachelors,Urban,56.2,7,5,4,24,5,96,100
934,0,2,Bachelors,Suburban,52.6,5,6,4,8,4,45,54
935,1,11,Bachelors,Urban,53.8,5,7,7,9,5,76,98
936,1,13,Bachelors,Suburban,50.1,6,6,7,13,4,86,88
937,0,16,Masters,Urban,55.7,5,4,3,17,5,78,73
938,0,18,Masters,Suburban,48.2,5,4,5,13,5,56,79
939,0,8,Bachelors,Urban,46.5,6,5,4,16,5,71,76
940,0,8,Bachelors,Suburban,27.5,4,4,2,22,5,75,91
941,1,9,Masters,Rural,68.3,6,6,6,18,5,62,59
942,0,8,Bachelors,Suburban,41.1,6,7,6,8,5,48,55
943,0,11,Masters,Rural,62.6,6,3,2,15,5,74,74
944,0,19,Masters,Rural,41.1,3,3,5,2,5,46,47
945,0,16,Masters,Suburban,69,7,5,5,9,5,69,78
946,0,8,Masters,Suburban,36.4,5,4,2,10,5,59,61
947,0,6,Bachelors,Urban,42.4,5,6,3,22,5,53,75
948,0,11,Bachelors,Urban,48.7,5,5,4,21,5,64,78
949,0,10,Bachelors,Suburban,50.6,5,4,3,7,4,46,50
950,0,22,Bachelors,Urban,60.4,5,5,4,26,5,78,82
951,0,0,Bachelors,Suburban,74.1,6,7,6,23,5,88,100
952,0,4,Masters,Rural,62.5,4,6,5,19,5,77,79
953,0,17,Masters,Urban,48.4,5,6,3,7,5,67,83
954,0,17,Masters,Rural,48.7,5,5,1,3,4,68,59
955,0,7,Bachelors,Rural,22.7,6,8,6,21,5,60,65
956,0,10,Bachelors,Urban,57.8,4,3,4,18,5,51,69
957,1,26,Bachelors,Rural,59.9,5,6,4,18,5,62,58
958,0,3,Bachelors,Suburban,73,7,7,5,21,5,86,89
959,0,26,Masters,Urban,40.9,7,8,6,17,5,62,56
960,0,15,Masters,Suburban,31.2,4,3,6,6,5,52,58
961,0,20,Bachelors,Urban,50.8,5,4,4,10,5,60,63
962,0,8,Masters,Suburban,37.7,4,5,4,11,5,36,44
963,0,3,Bachelors,Rural,31.9,7,9,5,19,3,68,79
964,0,15,Bachelors,Rural,37.8,4,5,6,9,4,66,60
965,0,15,Bachelors,Urban,48.1,5,6,5,25,5,69,70
966,1,9,Bachelors,Urban,56.4,4,5,3,19,5,58,44
967,0,5,Masters,Suburban,57.9,10,10,7,26,5,54,58
968,0,22,Masters,Urban,62.6,5,4,3,0,5,71,70
969,1,1,Bachelors,Suburban,48.2,5,3,3,18,5,64,68
970,0,23,Bachelors,Urban,32.1,6,6,5,15,5,57,74
971,0,7,Bachelors,Rural,54.5,7,8,3,17,5,69,100
972,0,0,Masters,Suburban,54,7,7,6,12,5,93,100
973,0,29,Masters,Urban,42.7,7,7,6,19,3,71,80
974,1,15,Masters,Rural,46.7,7,7,4,23,5,64,77
975,1,3,Bachelors,Urban,47.4,6,6,5,26,4,48,51
976,0,9,Bachelors,Suburban,54.9,6,5,3,7,5,78,89
977,0,6,Bachelors,Suburban,31.1,7,8,5,20,5,54,53
978,1,15,Bachelors,Urban,51.8,6,7,5,19,5,67,57
979,0,13,Bachelors,Rural,69.3,7,5,4,11,5,68,70
980,1,2,Bachelors,Suburban,25.6,6,10,7,30,4,55,53
981,1,14,Masters,Rural,40.6,6,7,2,23,5,70,79
982,1,7,Bachelors,Rural,63.5,5,6,5,25,5,69,88
983,0,17,Masters,Urban,90,6,7,4,15,5,83,85
984,0,17,Masters,Suburban,42.9,5,5,4,12,5,72,93
985,0,12,Bachelors,Rural,61.5,6,5,3,11,5,75,78
986,0,6,Masters,Urban,26,4,3,2,8,5,59,62
987,0,8,Masters,Urban,36.6,6,6,6,12,4,63,76
988,1,4,Masters,Rural,50.5,7,7,5,27,4,41,41
989,1,19,Bachelors,Urban,24.7,5,5,4,20,5,38,53
990,0,23,Bachelors,Urban,59,5,4,3,18,5,54,68
991,1,12,Masters,Suburban,73.7,2,2,4,19,5,68,62
992,1,15,Bachelors,Suburban,24.3,7,7,3,21,4,56,73
993,1,10,Masters,Rural,71.9,6,7,6,22,5,68,85
994,0,14,Masters,Urban,33,4,4,4,12,5,59,83
995,0,27,Bachelors,Suburban,31.8,3,1,4,14,5,60,70
996,0,14,Bachelors,Urban,32.1,6,6,3,17,3,43,52
997,1,23,Bachelors,Rural,52.1,6,5,5,22,5,77,77
998,0,14,Bachelors,Urban,44.1,5,6,4,16,5,66,74
999,1,1,Bachelors,Rural,49.1,7,6,3,16,5,75,90
1000,0,2,Masters,Urban,45.7,7,8,4,25,5,73,89
1001,0,4,Bachelors,Rural,37.6,6,6,4,5,5,76,76
1002,1,11,Masters,Suburban,55.2,6,6,5,23,5,79,79
1003,0,11,Bachelors,Urban,36.2,5,6,5,19,4,73,84
1004,0,22,Masters,Urban,45.7,4,5,4,9,5,74,76
1005,1,0,Bachelors,Rural,41.7,3,4,3,19,5,72,68
1006,0,4,Masters,Urban,62.7,6,7,4,16,5,76,80
1007,1,0,Bachelors,Suburban,69.6,5,4,4,14,5,80,91
1008,0,16,Masters,Urban,42.1,6,5,1,10,5,48,66
1009,0,8,Masters,Rural,61.4,6,8,6,33,5,72,82
1010,0,0,Masters,Rural,76.9,6,5,5,19,5,83,93
1011,0,5,Bachelors,Suburban,57.7,6,4,2,9,5,64,48
1012,1,4,Bachelors,Rural,57.6,8,8,7,31,5,77,100
1013,0,14,Bachelors,Urban,63.2,5,3,5,7,5,75,74
1014,0,16,Bachelors,Suburban,45.4,4,6,6,24,5,77,98
1015,0,2,Bachelors,Suburban,35,6,6,3,22,4,68,90
1016,0,20,Bachelors,Urban,61.7,5,5,5,10,5,73,89
1017,1,16,Bachelors,Suburban,47,6,6,5,24,4,71,85
1018,1,14,Bachelors,Suburban,50.9,4,6,5,26,5,64,65
1019,1,14,Masters,Suburban,38.2,5,6,6,18,5,45,61
1020,1,15,Bachelors,Rural,15.4,6,7,3,25,4,51,54
1021,0,20,Masters,Urban,60.6,5,4,7,9,5,71,78
1022,1,8,Bachelors,Suburban,54.3,3,4,5,17,5,49,58
1023,1,12,Bachelors,Urban,47.2,6,7,6,32,5,57,70
1024,1,34,Masters,Rural,27,7,8,8,23,3,61,62
1025,0,3,Bachelors,Suburban,50.5,5,4,2,20,5,53,64
1026,0,14,Masters,Urban,39.7,6,6,5,12,4,58,60
1027,0,0,Masters,Rural,40.1,6,5,5,11,5,61,51
1028,1,14,Bachelors,Suburban,63.3,6,4,4,11,5,65,63
1029,0,20,Bachelors,Urban,63.2,6,9,6,29,5,56,56
1030,0,0,Masters,Urban,55.5,5,6,5,20,5,79,92
1031,0,7,Bachelors,Urban,45.4,7,7,5,14,5,73,67
1032,0,30,Masters,Rural,51.3,5,5,4,8,5,76,93
1033,0,6,Bachelors,Urban,45.2,4,3,3,8,5,64,66
1034,1,1,Bachelors,Rural,36.8,6,7,6,26,5,66,65
1035,0,16,Bachelors,Suburban,43.7,4,2,3,0,5,65,74
1036,0,6,Masters,Urban,53.2,4,5,4,10,5,55,88
1037,0,24,Masters,Suburban,52.7,5,6,6,14,5,82,100
1038,0,21,Masters,Suburban,52.4,4,4,5,18,4,51,56
1039,0,18,Masters,Rural,85.1,5,3,2,15,5,66,93
1040,1,1,Masters,Urban,18.7,7,8,7,30,4,53,60
1041,0,15,Bachelors,Rural,25.1,4,3,4,15,3,69,71
1042,0,15,Bachelors,Urban,58.8,3,5,5,21,5,68,50
1043,1,0,Bachelors,Suburban,49.9,4,4,6,19,5,69,73
1044,0,17,Bachelors,Suburban,54,4,3,3,10,3,72,69
1045,0,14,Masters,Rural,37.1,5,5,7,17,5,55,51
1046,1,4,Bachelors,Suburban,22.6,7,10,8,37,5,64,70
1047,0,10,Bachelors,Suburban,52.4,5,5,3,19,5,46,55
1048,0,28,Bachelors,Urban,56.9,7,9,3,13,5,70,75
1049,0,18,Bachelors,Urban,22.8,4,2,3,1,5,48,59
1050,0,2,Bachelors,Rural,67.5,7,8,6,15,5,70,79
1051,0,13,Bachelors,Urban,70.4,6,5,4,11,5,76,73
1052,0,26,Masters,Rural,46.3,6,4,3,19,4,78,81
1053,0,12,Bachelors,Urban,66.5,7,6,5,13,5,89,79
1054,1,8,Bachelors,Urban,48.4,5,6,5,19,5,79,80
1055,0,21,Bachelors,Suburban,51.3,5,4,2,4,5,53,59
1056,0,8,Bachelors,Urban,59.1,7,6,2,8,5,69,77
1057,0,10,Bachelors,Suburban,48.8,4,5,1,20,5,50,60
1058,0,19,Bachelors,Rural,62.2,6,6,5,22,5,76,65
1059,1,26,Masters,Suburban,42.2,4,6,5,21,4,45,48
1060,0,5,Bachelors,Rural,30.3,6,4,3,14,5,67,56
1061,0,10,Bachelors,Suburban,52.1,7,8,7,21,5,73,99
1062,0,11,Masters,Suburban,80.8,5,6,5,21,5,77,62
1063,0,19,Masters,Rural,56.1,4,3,4,16,5,51,59
1064,0,24,Masters,Urban,53.1,7,8,5,13,5,74,79
1065,1,26,Bachelors,Urban,16.2,3,4,5,13,4,78,80
1066,0,10,Masters,Rural,41.5,4,4,3,15,5,82,86
1067,0,19,Masters,Rural,64.3,6,4,2,5,5,83,80
1068,1,5,Bachelors,Urban,44.4,7,7,3,33,5,65,77
1069,1,8,Bachelors,Suburban,47.8,6,4,2,13,5,67,69
1070,1,2,Bachelors,Urban,48.6,6,5,4,21,4,57,66
1071,1,3,Bachelors,Urban,41.4,9,10,6,29,4,70,67
1072,0,17,Bachelors,Urban,20.6,5,5,2,12,4,57,57
1073,0,18,Bachelors,Urban,64.6,4,3,1,7,5,71,65
1074,0,14,Masters,Urban,39.3,5,5,4,18,5,63,76
1075,1,6,Bachelors,Suburban,27.3,4,7,6,28,5,50,60
1076,1,14,Masters,Urban,39.7,6,5,7,25,5,56,59
1077,0,2,Bachelors,Urban,50.2,5,7,6,12,5,60,64
1078,1,0,Bachelors,Urban,48.3,6,8,5,19,4,75,82
1079,0,8,Bachelors,Suburban,49.4,4,3,1,9,5,79,91
1080,0,9,Bachelors,Suburban,61.4,7,6,6,17,5,78,84
1081,0,4,Bachelors,Suburban,39.1,7,7,5,10,5,55,48
1082,0,0,Masters,Rural,49,6,7,5,16,5,55,70
1083,1,9,Bachelors,Rural,31.1,7,7,5,28,3,59,54
1084,0,16,Bachelors,Urban,53.1,7,6,3,12,5,68,70
1085,0,18,Bachelors,Urban,70.5,5,5,5,17,5,83,98
1086,0,25,Masters,Urban,67.1,6,3,3,3,5,74,76
1087,0,12,Bachelors,Suburban,63.2,5,4,5,11,5,61,54
1088,0,30,Bachelors,Urban,62.1,5,4,3,15,5,55,65
1089,0,16,Bachelors,Urban,63.5,5,6,5,21,5,68,71
1090,0,11,Masters,Suburban,70.8,5,4,1,5,5,82,100
1091,0,0,Masters,Urban,32.8,9,8,7,28,5,88,100
1092,0,31,Masters,Urban,90,4,5,4,15,5,65,56
1093,1,23,Bachelors,Urban,54.6,5,7,4,29,5,71,73
1094,0,17,Bachelors,Urban,89.6,6,8,1,19,5,62,64
1095,1,21,Bachelors,Suburban,82.4,5,4,5,12,5,59,69
1096,1,20,Bachelors,Urban,65.4,2,4,1,8,5,74,87
1097,0,19,Masters,Suburban,39.3,2,2,3,14,5,48,56
1098,0,20,Masters,Rural,58.2,3,3,3,5,5,68,57
1099,0,20,Bachelors,Suburban,48.6,3,3,6,20,5,60,74
1100,1,6,Bachelors,Suburban,48.7,1,3,3,14,5,65,79
1101,0,10,Masters,Urban,90,8,9,5,29,5,98,100
1102,0,13,Bachelors,Suburban,55.8,5,7,3,18,5,69,89
1103,0,5,Bachelors,Urban,50.5,5,5,5,13,4,60,64
1104,0,29,Bachelors,Urban,51.4,3,6,2,13,4,44,56
1105,0,1,Bachelors,Urban,21.9,6,7,5,19,3,67,64
1106,0,13,Bachelors,Urban,37.4,3,1,3,0,5,63,75
1107,0,6,Bachelors,Urban,26.1,4,4,2,6,4,57,62
1108,1,13,Bachelors,Suburban,60.2,7,9,7,28,5,83,97
1109,0,13,Bachelors,Suburban,50.6,6,7,6,20,4,69,61
1110,0,12,Bachelors,Suburban,33,7,8,7,25,5,64,76
1111,0,0,Masters,Suburban,73.1,6,3,5,4,5,68,74
1112,0,0,Masters,Urban,64.7,7,7,8,15,5,82,95
1113,0,18,Bachelors,Urban,57.2,3,4,5,15,5,55,60
1114,0,5,Bachelors,Rural,59.6,5,6,6,10,5,70,68
1115,0,13,Bachelors,Urban,33,6,6,3,14,4,70,86
1116,0,18,Bachelors,Rural,44.4,9,8,6,32,5,61,57
1117,0,11,Bachelors,Rural,56.7,5,6,6,26,5,73,84
1118,0,6,Bachelors,Urban,33.5,4,4,4,6,5,60,94
1119,0,10,Masters,Suburban,90,6,5,5,11,5,84,100
1120,0,25,Masters,Urban,69.9,3,3,3,5,5,62,52
1121,1,24,Bachelors,Urban,66.9,3,4,4,18,5,72,60
1122,0,28,Bachelors,Suburban,50.8,6,7,5,22,5,44,47
1123,0,24,Bachelors,Urban,28.7,4,2,1,3,5,53,53
1124,1,0,Masters,Rural,66.7,5,6,4,18,5,60,71
1125,0,0,Bachelors,Urban,71.4,7,8,5,22,5,76,75
1126,0,13,Bachelors,Suburban,54.8,6,5,2,17,5,82,93
1127,0,11,Bachelors,Suburban,42.6,5,4,1,5,5,49,42
1128,0,0,Bachelors,Urban,59,6,5,3,13,5,67,67
1129,0,0,Masters,Rural,57.1,7,7,4,22,5,60,77
1130,0,22,Bachelors,Urban,38.2,5,4,5,13,4,70,93
1131,1,25,Bachelors,Rural,40.9,4,4,4,24,4,49,61
1132,0,14,Bachelors,Suburban,53.3,5,4,1,18,5,85,93
1133,0,13,Masters,Urban,64.9,7,7,6,22,5,72,57
1134,1,11,Masters,Urban,83.9,5,8,6,19,5,80,92
1135,0,8,Masters,Suburban,33.3,5,6,3,13,5,65,75
1136,0,1,Bachelors,Urban,41.4,6,6,5,23,3,46,58
1137,0,10,Bachelors,Rural,70.3,4,3,3,2,5,71,62
1138,1,4,Bachelors,Urban,51.6,5,5,6,28,5,60,67
1139,1,14,Bachelors,Urban,59.5,9,8,8,21,5,70,74
1140,0,18,Bachelors,Rural,36.8,5,4,5,18,4,59,69
1141,0,10,Bachelors,Suburban,45,5,7,2,25,5,65,68
1142,0,24,Bachelors,Suburban,54.9,4,3,2,13,5,75,55
1143,0,25,Bachelors,Urban,35.9,4,3,4,9,5,58,80
1144,0,22,Bachelors,Rural,68.2,5,6,8,3,5,87,87
1145,1,1,Bachelors,Suburban,31,4,5,3,24,5,67,65
1146,0,0,Bachelors,Suburban,62.6,7,8,4,21,5,65,76
1147,1,13,Masters,Urban,52.5,6,7,6,27,4,40,66
1148,1,13,Bachelors,Urban,30.3,5,6,5,24,5,54,63
1149,0,17,Bachelors,Urban,75.6,7,8,6,17,5,81,92
1150,0,0,Bachelors,Suburban,52.7,7,8,5,21,5,80,96
1151,0,10,Masters,Urban,44.1,6,5,3,6,5,76,73
1152,1,15,Masters,Urban,58.7,6,8,7,22,5,72,81
1153,1,0,Bachelors,Suburban,47.1,6,6,3,18,5,57,66
1154,0,13,Masters,Urban,45.8,6,4,5,18,4,52,56
1155,0,27,Bachelors,Urban,39.7,4,3,3,9,4,55,45
1156,0,0,Bachelors,Urban,58.7,1,1,2,18,5,49,55
1157,0,23,Bachelors,Urban,34,6,7,5,19,5,77,94
1158,1,20,Bachelors,Urban,52.2,8,8,6,25,5,60,77
1159,1,20,Masters,Urban,47.3,4,5,6,21,5,56,55
1160,0,23,Masters,Urban,44.9,6,6,3,13,5,63,74
1161,1,12,Bachelors,Urban,60.2,5,5,3,22,5,55,47
1162,0,14,Bachelors,Rural,56.3,4,4,3,3,5,41,49
1163,0,4,Masters,Suburban,46.2,7,7,5,26,5,68,67
1164,0,16,Bachelors,Urban,57.9,2,3,2,2,5,52,61
1165,0,22,Masters,Suburban,25.2,6,6,5,16,5,66,60
1166,1,14,Bachelors,Rural,35.6,4,5,6,13,4,37,52
1167,0,21,Bachelors,Suburban,51.3,8,7,8,27,5,69,76
1168,0,22,Masters,Suburban,72.8,6,7,5,22,5,81,95
1169,0,2,Bachelors,Suburban,32.6,7,6,6,15,4,64,73
1170,0,15,Bachelors,Suburban,25.9,3,2,1,7,4,50,62
1171,1,8,Bachelors,Urban,51.3,7,7,6,20,5,68,65
1172,1,11,Bachelors,Urban,50.2,3,3,4,5,5,78,68
1173,0,11,Masters,Urban,28.7,7,9,6,14,3,69,74
1174,0,3,Bachelors,Urban,50,6,6,5,9,4,52,55
1175,0,20,Bachelors,Rural,45.8,5,2,3,1,5,72,69
1176,0,5,Bachelors,Rural,52.6,3,3,7,6,5,62,60
1177,0,16,Bachelors,Suburban,33.9,5,5,5,15,5,60,38
1178,0,0,Bachelors,Urban,41.3,7,5,4,18,5,52,47
1179,1,9,Masters,Urban,39.8,6,7,8,21,5,63,63
1180,0,10,Bachelors,Urban,67.2,6,5,3,20,5,84,95
1181,0,7,Bachelors,Suburban,42.3,7,7,4,19,5,64,71
1182,0,11,Bachelors,Urban,44.4,6,6,4,15,5,54,48
1183,0,20,Bachelors,Rural,22.4,5,6,5,15,5,77,94
1184,1,17,Bachelors,Rural,50.7,3,4,6,18,5,40,52
1185,1,6,Bachelors,Suburban,40.6,5,6,4,33,3,56,65
1186,0,10,Bachelors,Urban,63.3,6,8,7,14,5,50,44
1187,1,11,Masters,Rural,64.9,6,6,4,15,5,75,85
1188,0,9,Bachelors,Suburban,44.3,5,6,3,23,5,82,100
1189,0,11,Bachelors,Suburban,27.5,8,7,4,15,4,62,59
1190,0,10,Bachelors,Suburban,44.7,7,8,5,18,5,74,75
1191,0,29,Bachelors,Urban,50,5,7,6,13,5,78,86
1192,1,14,Bachelors,Suburban,36,5,5,5,22,5,71,89
1193,1,16,Bachelors,Urban,40,7,8,7,25,4,74,84
1194,0,7,Bachelors,Suburban,57,5,3,3,17,5,69,99
1195,0,14,Bachelors,Rural,71.7,6,6,4,23,5,71,78
1196,0,14,Masters,Urban,31,5,7,5,12,5,67,62
1197,0,15,Bachelors,Urban,41.7,4,5,3,19,5,68,63
1198,1,13,Bachelors,Suburban,16.2,3,2,3,8,3,39,61
1199,1,28,Masters,Urban,61.8,7,9,5,22,5,66,73
1200,0,0,Bachelors,Urban,59.5,8,10,6,24,5,66,94
1201,0,16,Bachelors,Suburban,63.7,6,7,5,22,5,49,48
1202,0,16,Bachelors,Urban,50.3,5,5,4,12,5,75,81
1203,1,6,Bachelors,Suburban,41.9,5,6,4,23,5,47,46
1204,0,12,Masters,Urban,19.5,7,8,4,23,4,63,75
1205,0,5,Bachelors,Urban,59.5,7,8,6,16,5,81,91
1206,0,6,Bachelors,Rural,68.3,4,5,5,19,5,69,92
1207,1,0,Bachelors,Rural,59.6,7,10,6,20,5,81,100
1208,1,22,Bachelors,Rural,40.5,5,4,5,11,5,73,82
1209,0,8,Bachelors,Suburban,38.5,8,10,5,21,5,97,94
1210,0,17,Bachelors,Suburban,48.5,5,4,1,13,5,76,75
1211,1,10,Masters,Suburban,49,8,8,6,31,5,73,95
1212,0,28,Bachelors,Urban,56.3,5,6,5,16,5,65,78
1213,0,14,Bachelors,Rural,68.7,5,5,4,15,5,64,66
1214,0,30,Bachelors,Urban,66.7,5,6,5,19,5,77,78
1215,0,13,Bachelors,Rural,55.3,8,9,6,23,5,74,89
1216,0,24,Masters,Rural,33.6,5,5,5,15,5,50,52
1217,0,13,Bachelors,Urban,37.2,7,7,5,15,4,61,71
1218,1,15,Bachelors,Rural,32.4,3,5,4,16,5,77,83
1219,0,10,Bachelors,Rural,65.8,6,5,4,10,5,80,100
1220,0,13,Masters,Urban,25.4,4,3,2,11,4,62,61
1221,0,18,Bachelors,Urban,35,7,7,6,18,5,66,72
1222,1,16,Masters,Rural,53,5,7,6,17,5,66,72
1223,1,0,Masters,Suburban,62.9,6,7,7,24,5,78,100
1224,1,22,Bachelors,Suburban,55.7,4,4,4,14,4,72,82
1225,1,6,Bachelors,Suburban,60.4,5,6,3,16,5,66,74
1226,0,20,Bachelors,Suburban,45,5,3,6,10,5,68,48
1227,0,11,Bachelors,Suburban,39.5,5,4,2,13,5,82,97
1228,0,13,Masters,Urban,24.2,7,4,5,5,5,64,81
1229,0,16,Masters,Urban,49.2,2,3,3,6,5,54,57
1230,1,5,Bachelors,Rural,70,1,1,3,0,5,67,76
1231,0,11,Bachelors,Urban,52.8,8,7,3,26,5,72,73
1232,0,6,Bachelors,Urban,71.1,4,3,5,17,5,55,65
1233,0,17,Bachelors,Rural,56.6,4,3,3,18,5,60,58
1234,0,15,Bachelors,Rural,53.2,2,4,4,16,5,68,69
1235,0,1,Masters,Suburban,37.4,9,10,6,30,4,72,84
1236,0,9,Masters,Rural,52.6,5,6,6,22,5,55,50
1237,0,7,Bachelors,Urban,35.2,7,6,7,14,5,53,52
1238,0,7,Bachelors,Suburban,66.6,5,4,4,17,5,58,67
1239,1,12,Masters,Urban,34.9,6,5,1,21,5,72,87
1240,1,0,Bachelors,Urban,40.9,7,9,4,27,5,50,60
1241,0,27,Bachelors,Rural,68.5,4,5,3,13,5,68,61
1242,0,16,Bachelors,Urban,40,4,4,5,13,4,63,51
1243,0,0,Masters,Suburban,66.8,7,9,4,29,5,71,91
1244,0,5,Bachelors,Suburban,47.4,7,9,6,18,5,68,70
1245,0,15,Masters,Urban,44.4,4,4,2,14,5,56,74
1246,0,0,Bachelors,Urban,44.6,6,7,5,24,5,73,88
1247,0,8,Bachelors,Suburban,63.2,6,4,3,10,5,72,87
1248,1,12,Bachelors,Urban,27.5,4,5,6,15,4,48,55
1249,0,22,Masters,Suburban,27.6,4,3,3,17,4,60,64
1250,0,25,Masters,Rural,57.9,2,3,6,4,5,66,76
1251,0,23,Masters,Rural,68.8,6,5,4,9,5,74,75
1252,0,24,Bachelors,Urban,81.2,7,8,6,16,5,80,76
1253,0,8,Bachelors,Urban,62.4,6,6,5,21,5,57,67
1254,1,21,Bachelors,Rural,62.5,5,4,2,13,5,56,55
1255,0,12,Bachelors,Urban,66.8,10,10,7,28,5,89,84
1256,0,26,Bachelors,Suburban,39.4,6,7,5,10,4,74,80
1257,0,15,Bachelors,Rural,47.4,4,3,3,5,4,63,70
1258,0,17,Bachelors,Suburban,52,3,4,2,6,4,63,72
1259,0,15,Masters,Urban,49.2,5,5,5,10,5,54,70
1260,1,19,Masters,Rural,72.6,3,4,2,17,5,69,66
1261,0,15,Masters,Rural,68.4,8,7,5,16,5,67,83
1262,0,8,Bachelors,Suburban,72.2,6,6,4,20,5,79,87
1263,0,13,Masters,Rural,68.1,7,7,5,18,5,67,88
1264,0,36,Bachelors,Rural,66.6,4,3,4,10,5,67,71
1265,1,3,Masters,Urban,27.5,7,6,8,28,5,68,84
1266,0,16,Bachelors,Suburban,59.1,4,5,3,16,5,58,49
1267,0,15,Bachelors,Suburban,22.7,4,5,5,14,5,76,74
1268,0,20,Masters,Suburban,51.2,5,7,3,19,5,81,88
1269,1,0,Bachelors,Urban,57.2,4,5,4,21,5,59,60
1270,0,2,Bachelors,Suburban,38.9,5,5,3,14,5,60,62
1271,0,13,Masters,Urban,71.7,7,8,9,17,5,87,92
1272,0,5,Masters,Suburban,54.9,4,4,1,10,5,71,72
1273,0,9,Masters,Suburban,44.7,4,4,3,5,5,43,69
1274,1,17,Bachelors,Suburban,58.3,6,6,3,20,5,78,84
1275,0,12,Masters,Suburban,56.7,6,7,5,24,5,52,49
1276,0,6,Bachelors,Suburban,68.5,7,6,5,13,5,56,53
1277,0,10,Bachelors,Suburban,64.5,4,7,5,26,5,62,50
1278,1,26,Bachelors,Suburban,73.4,5,5,3,15,5,76,78
1279,0,25,Masters,Rural,45.3,4,5,4,13,5,61,68
1280,0,8,Bachelors,Rural,36.2,7,8,5,21,4,78,91
1281,1,24,Masters,Suburban,73.4,9,10,5,26,5,88,90
1282,0,17,Bachelors,Urban,44,6,6,5,8,5,70,82
1283,0,19,Masters,Urban,56.6,3,4,3,7,5,63,50
1284,0,4,Masters,Urban,61.7,7,7,4,16,5,65,62
1285,0,0,Bachelors,Suburban,27.8,5,5,8,11,5,72,73
1286,1,23,Bachelors,Urban,57.7,6,8,4,18,5,54,63
1287,0,6,Bachelors,Urban,37.6,6,7,4,14,5,80,88
1288,0,7,Bachelors,Urban,37,7,10,4,22,5,66,64
1289,1,14,Bachelors,Suburban,88.7,6,7,4,24,5,88,95
1290,1,0,Bachelors,Urban,26,8,10,8,22,4,60,81
1291,0,17,Masters,Urban,36,7,8,4,17,5,59,57
1292,0,23,Bachelors,Urban,25.5,6,7,4,15,4,66,62
1293,0,11,Bachelors,Suburban,67.2,6,5,3,16,5,61,66
1294,0,0,Bachelors,Rural,36.9,6,7,5,18,5,57,64
1295,1,7,Bachelors,Suburban,47.6,6,8,7,25,5,54,76
1296,0,8,Masters,Rural,57.7,5,6,4,19,5,82,100
1297,0,20,Masters,Urban,67.8,9,10,4,29,5,60,83
1298,1,20,Bachelors,Suburban,74.9,5,6,5,15,5,67,76
1299,1,14,Bachelors,Suburban,28.4,5,3,3,15,3,54,59
1300,1,9,Bachelors,Suburban,51.1,4,4,4,24,5,62,71
1301,0,11,Masters,Urban,74,6,8,4,33,5,69,64
1302,1,17,Bachelors,Rural,66.4,5,7,4,22,5,58,75
1303,0,18,Bachelors,Urban,57.9,6,5,4,10,5,61,55
1304,0,26,Bachelors,Urban,56.6,5,4,5,1,5,84,86
1305,1,2,Masters,Suburban,82.9,6,7,7,15,5,79,87
1306,0,15,Bachelors,Rural,68.2,6,7,6,19,5,59,70
1307,0,14,Bachelors,Suburban,41.3,4,6,5,17,5,57,61
1308,0,0,Masters,Urban,48.2,5,4,3,8,5,45,50
1309,0,10,Bachelors,Suburban,33.3,4,3,1,2,4,51,51
1310,1,8,Bachelors,Suburban,46.3,4,3,4,24,5,70,67
1311,0,3,Masters,Suburban,45,5,3,3,11,5,59,51
1312,1,14,Masters,Suburban,30.8,6,7,6,23,4,62,71
1313,0,0,Bachelors,Rural,61.9,3,2,5,5,5,76,77
1314,0,21,Bachelors,Urban,62.4,5,4,2,9,5,85,82
1315,0,24,Bachelors,Urban,76.8,5,6,6,12,5,51,58
1316,0,22,Masters,Suburban,64.6,5,3,5,17,5,69,54
1317,0,19,Bachelors,Suburban,56.2,4,5,3,15,5,86,95
1318,1,14,Bachelors,Rural,79.6,5,7,6,34,4,69,100
1319,0,13,Bachelors,Suburban,35.7,6,6,1,23,5,54,55
1320,0,11,Bachelors,Urban,58.5,4,6,5,8,5,82,91
1321,1,6,Bachelors,Urban,43.4,4,4,3,11,5,76,69
1322,0,14,Bachelors,Rural,23.6,6,6,3,23,5,53,47
1323,0,18,Masters,Suburban,23.6,7,7,4,20,5,60,94
1324,0,2,Masters,Suburban,47,9,9,5,28,5,81,59
1325,0,10,Bachelors,Urban,57.1,7,7,5,22,5,67,63
1326,1,9,Masters,Suburban,55.4,7,7,5,27,5,72,72
1327,0,14,Bachelors,Urban,48,5,5,2,15,5,80,79
1328,0,5,Bachelors,Urban,51.8,4,3,2,8,5,55,55
1329,0,20,Masters,Urban,49.4,7,8,7,18,4,83,92
1330,0,8,Bachelors,Urban,36.9,3,2,2,9,4,63,62
1331,0,22,Masters,Urban,38,8,8,7,23,5,67,75
1332,0,8,Bachelors,Suburban,54.9,6,7,4,20,5,53,45
1333,0,22,Bachelors,Urban,74.8,4,5,3,18,5,61,60
1334,0,9,Masters,Urban,51,8,7,6,14,5,70,76
1335,0,17,Bachelors,Urban,83.8,5,5,3,18,5,71,74
1336,0,14,Bachelors,Urban,35.8,5,3,1,16,3,68,58
1337,0,11,Bachelors,Rural,55.1,6,7,5,14,4,74,89
1338,0,24,Bachelors,Suburban,52.8,5,5,4,10,5,72,94
1339,0,13,Masters,Urban,46.4,2,2,2,20,5,55,56
1340,1,15,Masters,Urban,62.8,5,6,4,21,5,76,74
1341,0,11,Bachelors,Rural,31,9,9,5,20,3,77,78
1342,1,9,Masters,Rural,47.8,6,9,4,16,4,73,75
1343,0,30,Bachelors,Suburban,50.4,3,3,3,14,5,56,59
1344,0,10,Bachelors,Suburban,62.9,6,7,2,8,5,75,78
1345,1,13,Bachelors,Urban,38,6,8,6,27,5,73,70
1346,1,15,Masters,Rural,10,6,6,3,21,3,51,65
1347,0,13,Bachelors,Urban,66.1,5,6,4,10,5,80,71
1348,0,23,Bachelors,Urban,64.6,5,5,3,17,5,63,56
1349,0,3,Masters,Urban,65.8,10,10,6,42,5,51,71
1350,0,9,Bachelors,Urban,46.9,5,5,6,6,5,66,67
1351,1,3,Masters,Suburban,12,6,8,6,27,4,62,62
1352,0,6,Masters,Rural,54.9,6,4,6,12,4,68,78
1353,0,16,Bachelors,Urban,72.9,5,6,6,19,5,80,97
1354,0,19,Bachelors,Suburban,42.6,7,8,5,20,5,66,57
1355,0,35,Bachelors,Rural,38.8,6,5,3,22,5,71,78
1356,0,16,Bachelors,Suburban,49.4,5,3,4,5,5,60,64
1357,0,10,Bachelors,Urban,52.3,6,5,3,16,5,75,87
1358,1,4,Bachelors,Suburban,45.8,2,3,2,9,5,52,58
1359,0,15,Masters,Urban,61.1,7,5,7,11,5,82,84
1360,0,19,Masters,Suburban,68.6,7,7,3,18,5,80,84
1361,0,9,Bachelors,Suburban,38.3,9,8,5,16,5,72,81
1362,0,14,Bachelors,Suburban,54,5,6,4,8,5,57,57
1363,0,14,Bachelors,Urban,50.9,7,9,4,22,5,66,80
1364,0,9,Bachelors,Urban,32.9,7,6,7,24,5,77,79
1365,0,18,Bachelors,Rural,71.1,7,7,4,24,5,68,70
1366,0,1,Bachelors,Urban,56.2,6,8,7,12,5,82,82
1367,0,28,Bachelors,Urban,67,6,6,3,19,5,72,70
1368,1,12,Bachelors,Urban,41.8,5,6,8,20,5,51,40
1369,0,15,Bachelors,Urban,46.8,4,3,2,3,5,76,80
1370,0,13,Bachelors,Suburban,46.4,5,3,4,11,4,78,91
1371,1,1,Masters,Urban,58.8,6,5,2,17,5,77,78
1372,0,17,Bachelors,Rural,53.6,7,8,6,13,5,63,66
1373,0,11,Masters,Suburban,70.5,6,7,4,25,5,81,83
1374,0,4,Masters,Rural,45.1,7,5,2,12,5,60,72
1375,1,15,Masters,Urban,46.9,9,10,9,16,5,73,80
1376,0,0,Masters,Rural,38.1,6,7,5,23,4,50,63
1377,1,24,Bachelors,Suburban,45.5,5,4,4,22,5,54,43
1378,0,5,Bachelors,Suburban,44,5,4,2,10,5,40,36
1379,0,11,Bachelors,Urban,77.1,4,4,2,18,5,80,77
1380,0,27,Bachelors,Suburban,33.3,5,5,6,15,4,49,60
1381,0,0,Masters,Suburban,65.6,4,5,4,19,5,65,74
1382,1,25,Bachelors,Rural,67.6,4,3,3,16,5,75,70
1383,0,18,Masters,Rural,37,5,4,5,14,5,53,50
1384,0,18,Masters,Rural,39,6,8,2,18,2,45,54
1385,0,0,Bachelors,Suburban,44.5,7,8,7,13,4,57,55
1386,1,10,Masters,Urban,59.4,8,9,5,23,5,70,78
1387,0,1,Bachelors,Rural,43.7,8,10,6,21,5,67,82
1388,0,6,Bachelors,Urban,33.6,6,7,6,11,5,72,77
1389,0,16,Bachelors,Suburban,67.2,5,5,2,11,5,67,70
1390,1,5,Bachelors,Suburban,51.7,4,2,2,8,5,54,61
1391,0,21,Bachelors,Urban,32.4,3,4,5,10,4,59,60
1392,0,12,Masters,Suburban,62.6,5,5,3,3,5,68,80
1393,1,0,Bachelors,Rural,47.4,4,5,3,14,5,58,75
1394,0,19,Bachelors,Urban,52.2,5,5,5,10,5,80,82
1395,0,7,Masters,Urban,42.8,6,7,5,16,5,79,90
1396,1,4,Bachelors,Urban,63.1,3,4,2,13,5,75,78
1397,0,21,Bachelors,Rural,39,5,3,5,17,5,65,96
1398,0,15,Bachelors,Urban,46.9,8,8,6,22,5,64,83
1399,0,16,Masters,Rural,66,4,5,4,7,5,78,83
1400,0,15,Masters,Rural,72.2,6,7,7,23,5,65,80
1401,0,6,Bachelors,Suburban,39.6,6,4,4,7,5,53,37
1402,1,12,Masters,Suburban,55.1,7,10,6,27,5,73,88
1403,0,11,Bachelors,Rural,29.9,5,4,3,15,5,62,62
1404,1,7,Bachelors,Rural,42.3,5,6,5,20,5,66,72
1405,0,0,Bachelors,Suburban,61.6,7,7,5,19,5,75,78
1406,0,16,Masters,Rural,30.9,6,6,3,13,4,69,70
1407,1,7,Bachelors,Urban,50.9,5,8,6,30,5,52,71
1408,0,23,Bachelors,Urban,51.8,4,2,1,9,5,56,49
1409,0,20,Masters,Urban,59.4,5,4,1,26,5,79,88
1410,0,10,Masters,Urban,37.4,7,7,6,18,5,77,78
1411,0,15,Bachelors,Urban,41.5,6,6,5,9,5,58,69
1412,0,19,Masters,Urban,65.8,3,3,4,18,5,70,61
1413,1,10,Bachelors,Suburban,43.2,3,3,5,4,5,50,41
1414,0,36,Masters,Suburban,52.8,5,5,4,7,5,69,80
1415,0,17,Bachelors,Urban,65.5,7,7,5,23,5,76,95
1416,0,11,Masters,Rural,41.7,5,4,5,19,5,58,99
1417,0,12,Bachelors,Rural,51.8,5,4,4,13,5,64,71
1418,0,12,Bachelors,Urban,48.6,6,8,6,16,5,85,89
1419,0,22,Bachelors,Urban,30.6,5,7,5,16,5,44,56
1420,0,22,Bachelors,Urban,44.1,4,2,4,4,5,61,67
1421,1,13,Bachelors,Rural,75.2,5,6,3,18,5,54,67
1422,1,11,Bachelors,Suburban,70.5,7,8,8,26,5,84,88
1423,0,17,Masters,Rural,50,7,6,2,13,5,88,96
1424,1,7,Bachelors,Suburban,24.8,5,6,3,13,4,66,72
1425,1,12,Bachelors,Urban,61.9,5,4,4,15,5,58,60
1426,0,11,Bachelors,Suburban,33.6,4,4,2,11,4,58,60
1427,1,1,Bachelors,Suburban,45.3,6,6,6,14,5,48,48
1428,1,7,Bachelors,Suburban,35.3,3,4,2,24,4,66,70
1429,1,3,Masters,Urban,48.7,8,9,6,21,5,67,81
1430,0,20,Bachelors,Suburban,49.5,5,6,7,9,4,58,67
1431,0,3,Bachelors,Urban,38,7,8,4,23,4,54,87
1432,1,11,Bachelors,Rural,57.4,5,5,3,20,4,61,72
1433,0,4,Masters,Urban,34.4,6,4,5,9,4,57,78
1434,0,13,Bachelors,Urban,56.6,5,5,5,8,5,67,76
1435,0,8,Bachelors,Suburban,37.8,5,6,2,15,5,73,63
1436,0,31,Bachelors,Urban,54.8,4,4,4,14,5,59,79
1437,1,9,Bachelors,Suburban,53.6,5,5,2,22,5,70,59
1438,1,18,Bachelors,Rural,26.4,3,2,3,6,3,39,34
1439,1,15,Masters,Rural,46.1,7,9,5,28,5,71,94
1440,0,17,Masters,Urban,34.5,4,4,5,21,4,77,75
1441,1,20,Bachelors,Urban,39,5,8,8,31,5,73,69
1442,0,8,Bachelors,Urban,56.4,4,6,6,23,5,74,70
1443,0,3,Bachelors,Urban,38.4,8,6,3,19,5,78,78
1444,0,17,Masters,Rural,58.2,5,7,3,20,5,81,100
1445,0,5,Bachelors,Rural,43.5,1,1,2,5,5,47,45
1446,0,23,Bachelors,Urban,62.2,6,7,5,27,5,72,77
1447,1,3,Bachelors,Suburban,62.1,3,5,6,19,5,69,75
1448,1,0,Masters,Urban,71.5,6,7,7,29,5,60,78
1449,0,4,Masters,Suburban,90,7,8,8,17,5,89,95
1450,0,8,Bachelors,Urban,53.5,5,5,3,12,5,64,73
1451,0,27,Bachelors,Urban,59.7,3,3,2,10,5,73,78
1452,0,19,Bachelors,Suburban,64.9,6,8,7,16,4,67,58
1453,1,25,Bachelors,Suburban,71.6,3,1,1,16,5,69,66
1454,1,1,Bachelors,Suburban,66.3,6,5,2,10,5,69,85
1455,0,21,Masters,Suburban,30.5,7,6,4,10,5,68,75
1456,1,7,Masters,Suburban,51.2,5,6,4,11,5,72,80
1457,0,19,Bachelors,Suburban,64.4,5,7,7,24,5,65,84
1458,1,0,Masters,Urban,70.1,7,7,5,26,5,87,94
1459,0,20,Bachelors,Urban,45.4,7,6,4,18,4,71,70
1460,1,10,Bachelors,Urban,51.7,6,7,6,20,5,84,100
1461,0,11,Bachelors,Rural,20,5,7,5,13,5,79,98
1462,0,23,Bachelors,Rural,35.1,6,5,6,9,5,60,91
1463,0,15,Bachelors,Rural,78.6,3,3,4,5,5,73,71
1464,0,13,Bachelors,Rural,34.8,5,6,5,14,4,60,56
1465,0,19,Masters,Rural,66.9,4,6,4,13,5,69,76
1466,0,5,Bachelors,Urban,41.9,8,9,5,24,5,74,68
1467,0,1,Bachelors,Urban,48.6,5,6,7,13,4,54,74
1468,0,21,Masters,Suburban,49,4,4,3,12,5,54,53
1469,1,23,Masters,Urban,40.9,6,7,4,28,4,66,63
1470,1,16,Bachelors,Urban,30.7,5,5,5,20,5,56,76
1471,0,12,Bachelors,Urban,65.6,8,7,7,22,5,96,83
1472,0,23,Bachelors,Suburban,35.7,7,7,6,31,5,51,51
1473,0,13,Bachelors,Rural,47.3,6,6,4,16,5,72,76
1474,0,15,Bachelors,Rural,47.2,5,6,4,18,5,68,59
1475,0,13,Bachelors,Urban,65.6,6,5,1,23,5,77,79
1476,0,18,Bachelors,Urban,42.7,5,3,4,14,4,82,80
1477,1,3,Bachelors,Suburban,58,5,6,5,26,5,65,83
1478,0,8,Masters,Urban,50.8,3,1,1,7,4,52,55
1479,0,10,Bachelors,Suburban,46.2,7,9,7,11,4,71,90
1480,0,0,Bachelors,Suburban,59.3,8,7,5,11,5,62,70
1481,0,18,Masters,Rural,26.9,8,8,5,15,5,68,91
1482,0,14,Masters,Rural,50,5,5,3,20,5,76,91
1483,1,6,Bachelors,Urban,45.2,5,5,3,23,5,69,70
1484,1,15,Bachelors,Suburban,55.6,5,5,2,23,5,68,79
1485,0,13,Bachelors,Rural,34.4,4,5,5,12,4,65,74
1486,0,6,Bachelors,Suburban,56.5,5,4,3,13,5,55,61
1487,1,13,Bachelors,Urban,37.1,5,5,3,26,5,55,50
1488,0,6,Bachelors,Urban,47.5,7,6,7,23,5,77,78
1489,0,16,Bachelors,Urban,57,6,5,3,17,5,78,89
1490,0,1,Bachelors,Rural,54.2,5,3,3,5,5,80,92
1491,0,13,Bachelors,Suburban,38.1,6,5,5,11,5,60,85
1492,0,19,Masters,Urban,12.4,7,8,3,24,5,64,61
1493,0,14,Bachelors,Rural,65.4,3,4,5,9,5,75,87
1494,0,6,Bachelors,Suburban,56.3,6,7,6,15,5,65,75
1495,1,3,Masters,Suburban,57.7,4,5,6,21,5,67,77
1496,0,0,Masters,Suburban,59.9,10,10,5,20,5,75,82
1497,0,16,Masters,Suburban,78.3,4,5,4,13,5,63,58
1498,0,13,Masters,Urban,53.3,4,4,4,12,3,61,63
1499,0,12,Bachelors,Rural,53.8,5,5,4,8,5,76,71
1500,0,18,Masters,Rural,52.3,6,7,5,16,5,57,62
1501,0,1,Bachelors,Suburban,43.1,6,5,5,18,4,49,57
1502,0,16,Bachelors,Suburban,49,3,1,4,4,5,68,79
1503,0,1,Masters,Suburban,45.5,6,6,3,18,5,52,46
1504,0,10,Masters,Rural,43.1,6,5,3,17,4,82,81
1505,1,0,Masters,Rural,60.4,7,8,7,30,5,81,87
1506,0,0,Masters,Rural,52.1,7,10,6,29,5,81,97
1507,0,6,Masters,Suburban,36.5,7,8,8,30,5,63,67
1508,0,14,Bachelors,Rural,48.6,3,3,3,11,4,68,71
1509,0,14,Bachelors,Urban,28.3,6,9,6,24,5,58,73
1510,0,19,Bachelors,Suburban,38.8,3,5,5,13,5,55,74
1511,1,16,Bachelors,Suburban,56.7,5,6,5,23,5,65,49
1512,0,16,Bachelors,Suburban,62.2,6,6,4,6,5,78,95
1513,0,4,Bachelors,Urban,61.2,6,6,4,15,5,82,92
1514,1,3,Bachelors,Suburban,56.6,4,4,5,12,5,83,80
1515,1,7,Masters,Urban,59,5,5,6,28,5,59,59
1516,0,0,Masters,Urban,78.3,10,8,2,25,5,65,69
1517,0,11,Bachelors,Suburban,40.1,4,4,4,4,5,58,63
1518,1,10,Masters,Suburban,56,8,7,6,25,5,66,66
1519,0,8,Bachelors,Urban,78.1,6,7,6,19,5,74,64
1520,0,13,Masters,Urban,27.3,8,6,6,8,4,55,55
1521,0,1,Bachelors,Suburban,51.4,3,5,2,5,5,63,66
1522,0,0,Bachelors,Urban,51.2,6,5,6,9,5,59,73
1523,0,17,Masters,Suburban,43.6,5,3,1,14,5,56,60
1524,0,4,Bachelors,Urban,28.5,7,7,3,17,4,61,52
1525,0,5,Bachelors,Urban,55.5,7,6,6,8,5,65,61
1526,1,8,Bachelors,Rural,50.7,5,6,7,16,5,63,68
1527,0,6,Bachelors,Rural,29.6,4,7,6,20,5,65,91
1528,0,22,Bachelors,Suburban,35,3,3,2,15,5,43,46
1529,0,20,Masters,Suburban,52.8,5,5,5,6,5,58,70
1530,0,12,Bachelors,Urban,64.8,5,6,5,11,5,77,81
1531,1,10,Bachelors,Rural,42.6,6,7,6,23,5,66,72
1532,0,7,Bachelors,Urban,57,3,3,1,12,5,60,75
1533,0,20,Masters,Suburban,33.1,4,5,4,9,5,68,81
1534,0,14,Bachelors,Suburban,44.7,5,5,4,13,5,56,76
1535,1,14,Bachelors,Urban,54.1,6,9,4,29,5,69,78
1536,1,0,Masters,Urban,51.9,5,6,5,27,5,47,59
1537,0,19,Bachelors,Suburban,24.6,5,6,2,10,4,66,79
1538,0,7,Bachelors,Urban,51.6,5,7,4,15,4,77,68
1539,0,15,Bachelors,Rural,79.2,4,3,6,13,5,72,72
1540,1,12,Masters,Urban,38.4,5,6,7,24,3,55,68
1541,1,23,Masters,Rural,75.4,7,8,8,30,5,94,100
1542,0,23,Bachelors,Urban,58.4,4,4,5,7,5,50,64
1543,0,22,Masters,Urban,81,5,5,5,13,5,82,89
1544,0,11,Bachelors,Suburban,50.1,4,2,2,8,5,41,36
1545,0,11,Bachelors,Suburban,69.4,5,4,3,3,5,67,71
1546,0,13,Masters,Urban,70.2,5,7,5,24,5,77,69
1547,0,16,Bachelors,Rural,53.1,6,7,4,24,5,76,76
1548,0,12,Bachelors,Urban,77,6,7,5,13,5,61,66
1549,0,1,Masters,Suburban,42.8,8,9,4,19,5,73,86
1550,0,5,Bachelors,Urban,29.6,6,5,4,21,4,49,65
1551,1,3,Bachelors,Suburban,64.3,6,6,5,20,5,68,75
1552,0,7,Bachelors,Suburban,76.7,6,6,6,12,5,70,68
1553,0,22,Bachelors,Urban,46.7,2,3,4,7,5,64,86
1554,0,11,Bachelors,Rural,72.2,2,2,1,12,5,65,57
1555,1,17,Masters,Urban,51.1,6,8,5,31,5,80,85
1556,0,11,Masters,Suburban,61.9,3,3,2,15,5,72,81
1557,0,20,Masters,Suburban,57.9,6,8,5,24,5,74,77
1558,0,0,Masters,Urban,60.8,7,6,4,18,5,66,74
1559,0,8,Masters,Suburban,54.4,8,6,4,18,5,69,86
1560,0,11,Masters,Urban,48.7,5,3,6,12,5,57,62
1561,0,15,Bachelors,Rural,59,6,5,5,16,5,53,62
1562,0,10,Bachelors,Urban,24.6,5,4,3,16,4,61,57
1563,0,10,Bachelors,Urban,66.5,7,6,5,18,5,77,77
1564,0,21,Masters,Urban,78,7,9,4,31,5,74,70
1565,0,17,Masters,Urban,36.2,8,10,6,21,5,75,68
1566,0,9,Masters,Urban,55.3,5,7,5,19,5,64,57
1567,0,11,Masters,Suburban,26.5,7,8,5,17,4,75,82
1568,1,18,Bachelors,Urban,34.5,4,4,4,15,5,58,65
1569,0,0,Masters,Suburban,36.7,9,10,4,24,4,63,91
1570,0,19,Masters,Urban,39.7,7,9,7,26,4,65,89
1571,1,23,Bachelors,Suburban,49.8,6,6,7,16,5,72,63
1572,1,7,Bachelors,Suburban,61.4,7,9,8,28,5,77,79
1573,0,12,Bachelors,Suburban,41.9,3,1,2,0,5,51,47
1574,0,0,Bachelors,Urban,60.2,8,8,4,23,4,71,71
1575,0,11,Bachelors,Urban,44.1,6,8,6,19,4,54,61
1576,0,14,Bachelors,Suburban,39.7,3,3,3,4,5,60,63
1577,0,6,Bachelors,Urban,47.3,6,7,3,22,5,87,94
1578,0,11,Masters,Urban,42.3,7,6,3,16,5,67,70
1579,0,5,Masters,Suburban,36.3,5,6,5,21,5,70,80
1580,1,11,Bachelors,Suburban,37.4,5,5,6,12,5,50,64
1581,0,10,Bachelors,Suburban,36,6,5,5,8,4,76,100
1582,1,16,Masters,Rural,30.6,5,5,4,19,3,63,56
1583,0,18,Bachelors,Urban,49,3,3,3,11,5,72,61
1584,1,25,Bachelors,Suburban,70.6,4,5,4,22,5,60,71
1585,0,19,Bachelors,Urban,36.3,4,5,2,14,3,62,78
1586,0,9,Bachelors,Rural,47.7,8,10,4,22,5,74,84
1587,0,11,Masters,Suburban,74.5,5,6,6,22,5,80,81
1588,0,26,Bachelors,Suburban,45.4,2,2,4,11,5,60,55
1589,0,2,Masters,Suburban,63.8,7,6,4,21,5,78,92
1590,0,11,Bachelors,Urban,61.7,5,4,4,6,5,63,54
1591,0,31,Masters,Suburban,21.1,6,5,5,12,5,63,72
1592,1,9,Bachelors,Urban,40.7,7,9,7,24,5,66,74
1593,1,2,Masters,Rural,39.8,6,7,6,15,5,47,72
1594,1,14,Bachelors,Urban,57,4,4,5,15,5,78,85
1595,1,2,Bachelors,Urban,69.4,5,3,5,24,5,72,90
1596,0,1,Bachelors,Rural,63.6,8,9,4,25,5,63,68
1597,0,10,Bachelors,Urban,55.9,7,6,5,15,5,63,75
1598,1,3,Bachelors,Suburban,23.6,2,3,4,18,5,56,63
1599,0,8,Bachelors,Urban,59.2,5,6,3,13,5,58,65
1600,1,22,Bachelors,Rural,34.4,2,3,4,7,5,67,71
1601,1,28,Bachelors,Urban,33.4,6,6,4,19,5,52,57
1602,1,6,Bachelors,Suburban,38.8,5,8,4,14,5,64,70
1603,0,9,Masters,Urban,39.8,6,8,7,24,5,76,97
1604,0,14,Masters,Suburban,68.3,5,4,2,13,5,53,87
1605,0,4,Bachelors,Suburban,41.1,5,5,4,13,4,54,48
1606,0,12,Masters,Urban,80.7,8,7,4,15,5,72,98
1607,0,4,Bachelors,Rural,63.1,4,6,3,14,5,55,53
1608,0,5,Bachelors,Urban,43.6,6,6,4,2,4,85,84
1609,1,11,Masters,Suburban,35.8,7,7,8,24,5,72,86
1610,0,11,Bachelors,Suburban,53.7,3,1,3,8,5,53,53
1611,0,19,Bachelors,Rural,47.7,4,4,3,18,5,58,54
1612,1,9,Bachelors,Urban,90,6,5,7,17,5,72,72
1613,0,17,Bachelors,Urban,32.4,3,4,4,6,4,36,46
1614,0,0,Bachelors,Urban,65.5,4,3,2,0,5,82,84
1615,0,14,Bachelors,Suburban,43.3,8,9,7,17,5,81,100
1616,0,19,Masters,Urban,87.8,5,5,4,9,5,70,82
1617,0,12,Bachelors,Suburban,55.1,5,6,6,16,5,66,77
1618,1,11,Masters,Suburban,50.1,5,6,4,14,5,67,82
1619,1,9,Bachelors,Urban,53.3,7,8,5,20,4,65,71
1620,0,13,Masters,Suburban,68.1,8,7,5,25,5,72,74
1621,0,19,Bachelors,Rural,47.7,4,4,4,16,5,48,45
1622,1,20,Masters,Suburban,66.5,5,4,4,9,5,65,63
1623,1,14,Masters,Rural,76.2,5,6,5,19,5,71,75
1624,1,8,Bachelors,Rural,53.1,4,6,6,23,5,60,73
1625,1,26,Bachelors,Urban,61.7,6,7,5,25,5,64,64
1626,0,20,Masters,Suburban,41.2,7,6,5,19,5,75,94
1627,1,5,Masters,Urban,23.3,6,8,8,24,4,53,62
1628,1,14,Bachelors,Urban,52,6,7,3,20,5,50,58
1629,1,0,Bachelors,Rural,44.2,4,5,5,23,5,84,100
1630,0,0,Bachelors,Suburban,63.7,6,7,4,16,5,67,71
1631,0,5,Bachelors,Suburban,63.1,3,1,1,6,5,64,62
1632,0,12,Bachelors,Rural,40.1,1,2,3,5,5,51,59
1633,0,7,Bachelors,Suburban,30.9,4,5,4,19,5,87,89
1634,0,22,Bachelors,Suburban,57.5,3,3,4,7,4,52,56
1635,0,29,Masters,Suburban,39,5,6,5,14,5,51,60
1636,0,19,Masters,Rural,50.4,5,5,5,10,5,71,69
1637,0,22,Masters,Urban,49.6,7,5,6,20,5,54,57
1638,0,19,Bachelors,Suburban,37.6,4,4,4,8,4,53,60
1639,0,21,Masters,Urban,37.9,6,5,5,15,5,69,84
1640,0,32,Bachelors,Rural,62.5,1,2,1,6,5,58,56
1641,0,6,Bachelors,Urban,69.3,5,6,3,26,5,86,88
1642,0,2,Bachelors,Urban,30.4,6,3,4,13,5,57,65
1643,1,33,Bachelors,Rural,40.9,4,4,3,17,5,75,86
1644,1,7,Bachelors,Urban,45.5,4,4,4,11,5,44,77
1645,0,2,Bachelors,Urban,57.9,5,5,1,13,5,69,84
1646,0,4,Bachelors,Rural,79.7,3,4,1,8,5,77,89
1647,0,18,Bachelors,Suburban,41.1,5,6,4,10,5,59,66
1648,0,8,Masters,Rural,53.3,9,9,6,1,5,82,60
1649,0,9,Bachelors,Rural,37.5,7,7,4,9,5,60,67
1650,1,10,Masters,Urban,69.9,5,7,6,27,5,74,93
1651,1,19,Masters,Rural,50.4,8,9,7,17,5,71,79
1652,0,12,Masters,Suburban,60.2,7,7,6,23,5,68,70
1653,0,19,Masters,Suburban,41.6,5,5,3,14,5,54,65
1654,0,13,Bachelors,Urban,81.8,6,5,2,13,5,90,97
1655,0,21,Bachelors,Urban,63.1,1,3,2,17,5,65,56
1656,1,19,Bachelors,Suburban,53.7,5,6,5,15,5,67,69
1657,1,16,Masters,Urban,72.4,5,6,4,29,5,67,78
1658,0,18,Bachelors,Rural,62.2,3,5,1,16,5,67,69
1659,0,0,Bachelors,Suburban,40.9,5,4,6,20,5,63,78
1660,0,11,Masters,Rural,45.5,5,5,2,14,4,57,48
1661,1,9,Bachelors,Suburban,29.5,5,4,4,10,4,55,57
1662,0,0,Bachelors,Urban,53.7,4,5,4,9,5,63,71
1663,0,13,Masters,Suburban,45.5,4,3,2,8,5,61,51
1664,0,17,Masters,Suburban,59.3,6,4,6,14,5,80,72
1665,0,17,Bachelors,Urban,47.8,6,5,3,9,4,69,71
1666,0,6,Bachelors,Suburban,52.5,4,4,2,14,5,59,63
1667,0,15,Bachelors,Suburban,61.4,5,5,3,16,5,91,91
1668,0,15,Masters,Urban,49.6,6,6,5,11,5,71,92
1669,0,27,Bachelors,Rural,48.9,6,6,1,20,5,80,84
1670,1,3,Bachelors,Urban,22.4,6,8,6,33,4,62,53
1671,1,18,Masters,Rural,37,7,8,5,19,5,51,69
1672,0,9,Masters,Suburban,50.3,3,3,4,10,5,59,77
1673,0,14,Bachelors,Rural,69,5,6,5,26,5,71,77
1674,1,3,Masters,Urban,40.1,6,7,6,26,5,72,63
1675,0,5,Bachelors,Suburban,61.3,5,5,5,9,5,84,85
1676,0,0,Bachelors,Urban,56.3,7,6,5,22,5,68,92
1677,0,11,Bachelors,Urban,18.2,6,4,2,17,4,59,71
1678,0,14,Masters,Urban,51.7,6,3,4,10,5,77,83
1679,0,10,Masters,Suburban,46.1,5,5,3,6,4,63,73
1680,0,5,Bachelors,Urban,49.2,6,8,5,27,5,69,88
1681,0,17,Bachelors,Urban,70.8,6,4,4,10,5,69,94
1682,1,19,Bachelors,Suburban,22.8,5,5,2,14,5,60,68
1683,0,10,Masters,Suburban,61.8,6,7,4,9,5,75,84
1684,0,23,Bachelors,Suburban,26.8,2,1,4,0,5,53,54
1685,1,2,Bachelors,Urban,57.9,6,9,5,30,5,68,68
1686,0,18,Bachelors,Urban,65,4,3,3,15,5,62,67
1687,0,18,Masters,Suburban,57.2,6,8,7,20,5,80,100
1688,0,5,Masters,Urban,47.3,5,5,4,13,5,66,84
1689,0,17,Bachelors,Urban,82.6,4,5,5,17,5,74,81
1690,1,17,Masters,Suburban,47.1,7,5,3,16,5,58,67
1691,0,21,Masters,Urban,35.5,6,7,7,25,5,49,36
1692,0,15,Bachelors,Urban,79.4,3,2,4,8,5,71,66
1693,0,5,Bachelors,Suburban,60.1,6,5,3,13,5,66,63
1694,0,8,Masters,Suburban,25.3,4,3,3,16,3,51,51
1695,1,8,Masters,Urban,46.1,6,6,6,21,5,66,78
1696,0,20,Bachelors,Suburban,35.8,7,8,6,24,3,59,54
1697,0,7,Masters,Rural,69.1,7,8,3,16,5,76,96
1698,1,3,Masters,Urban,41.8,4,4,4,14,5,50,44
1699,1,16,Masters,Urban,60.2,4,6,2,22,5,61,76
1700,0,19,Bachelors,Urban,49,6,5,5,17,5,84,99
1701,0,29,Masters,Suburban,48.8,5,7,4,25,4,83,84
1702,0,18,Masters,Suburban,56.9,6,6,9,14,5,57,50
1703,0,12,Bachelors,Suburban,44.9,6,6,4,21,4,70,50
1704,0,13,Bachelors,Urban,46,5,6,5,20,4,64,56
1705,0,5,Masters,Urban,50,6,7,5,23,5,73,81
1706,0,30,Bachelors,Suburban,35,3,2,5,5,4,51,54
1707,1,6,Bachelors,Rural,15.2,5,8,5,34,5,38,32
1708,0,13,Bachelors,Suburban,34.5,3,3,1,15,5,49,52
1709,0,18,Bachelors,Urban,74.8,4,5,5,10,5,63,55
1710,0,0,Bachelors,Urban,68.9,6,4,4,17,5,60,63
1711,1,20,Bachelors,Urban,67.6,4,6,4,20,5,72,84
1712,0,14,Bachelors,Suburban,46.4,5,4,1,24,4,41,45
1713,0,11,Bachelors,Suburban,52.9,4,6,3,20,5,67,77
1714,0,16,Bachelors,Urban,29.4,6,4,3,8,3,68,51
1715,0,8,Bachelors,Urban,57.5,7,7,5,19,5,82,80
1716,0,0,Bachelors,Suburban,24.8,4,1,4,9,4,55,60
1717,0,17,Bachelors,Urban,39.7,6,7,3,10,5,63,70
1718,0,8,Bachelors,Urban,47.9,4,3,5,6,5,54,56
1719,0,24,Bachelors,Suburban,57.4,4,3,4,7,5,77,90
1720,1,5,Bachelors,Urban,49.1,4,4,6,0,5,73,79
1721,0,17,Bachelors,Urban,45.7,5,5,1,14,5,53,57
1722,0,17,Masters,Urban,49.2,3,2,3,4,5,73,81
1723,0,12,Bachelors,Suburban,23.5,7,6,5,23,4,54,44
1724,0,3,Bachelors,Suburban,29.3,7,7,7,21,5,68,76
1725,0,14,Masters,Urban,38.5,7,8,3,22,5,58,74
1726,1,1,Bachelors,Urban,39.2,5,6,8,19,5,48,47
1727,0,6,Bachelors,Urban,46.1,3,4,5,14,4,65,56
1728,0,6,Bachelors,Suburban,58.4,6,5,4,17,5,60,52
1729,0,22,Masters,Suburban,48.8,5,5,4,12,5,74,54
1730,1,0,Bachelors,Suburban,35.4,4,3,2,20,5,62,61
1731,0,5,Bachelors,Suburban,54.5,5,5,3,11,5,58,40
1732,0,1,Bachelors,Suburban,60.8,4,5,2,15,5,68,58
1733,0,15,Bachelors,Suburban,32.4,6,5,4,17,5,64,79
1734,0,16,Masters,Rural,50.6,2,4,4,1,5,40,30
1735,1,26,Bachelors,Suburban,73.2,5,6,4,23,5,64,82
1736,1,6,Bachelors,Suburban,33.3,6,3,5,12,5,65,83
1737,0,25,Masters,Urban,57.2,4,2,3,11,5,56,63
1738,1,16,Masters,Suburban,38.7,4,6,5,19,5,59,54
1739,0,14,Bachelors,Rural,33.5,5,5,5,12,5,46,53
1740,0,18,Bachelors,Rural,51.7,5,2,2,11,5,71,72
1741,0,4,Bachelors,Suburban,77.1,6,6,5,20,5,78,90
1742,1,10,Masters,Urban,46.4,4,4,6,14,5,80,73
1743,0,7,Bachelors,Urban,23.1,7,8,7,28,5,55,57
1744,0,29,Bachelors,Urban,35.6,4,3,4,20,5,43,49
1745,0,6,Masters,Suburban,38.7,5,5,4,17,4,73,72
1746,0,13,Bachelors,Rural,44.2,6,6,5,13,5,70,71
1747,1,16,Bachelors,Suburban,41.8,5,7,7,21,5,60,74
1748,1,0,Masters,Urban,43.7,7,7,6,19,5,74,78
1749,0,17,Bachelors,Urban,66.5,6,7,4,22,5,65,74
1750,0,0,Masters,Suburban,65.7,6,7,4,21,5,88,100
1751,0,15,Bachelors,Rural,41.6,5,7,3,25,4,46,45
1752,1,0,Masters,Suburban,54.6,6,8,4,21,5,59,50
1753,0,7,Bachelors,Suburban,67.8,7,6,4,2,5,68,64
1754,1,13,Masters,Rural,55,5,6,5,26,5,69,82
1755,1,6,Masters,Rural,50.4,7,8,4,15,5,57,56
1756,0,2,Masters,Suburban,69.5,6,6,5,22,5,57,60
1757,0,27,Bachelors,Rural,42.5,3,5,1,15,5,67,83
1758,0,14,Bachelors,Urban,41.6,5,8,6,18,5,80,92
1759,0,28,Masters,Urban,56.3,6,4,3,12,5,83,81
1760,0,7,Bachelors,Rural,35.3,3,2,3,0,5,44,56
1761,0,8,Masters,Urban,47.6,7,8,7,22,5,56,67
1762,0,28,Bachelors,Urban,72.6,7,7,4,19,5,84,75
1763,1,12,Bachelors,Urban,84.8,8,7,6,17,5,80,66
1764,1,12,Masters,Urban,51.8,6,8,7,25,5,70,84
1765,0,22,Bachelors,Urban,51.9,7,6,5,14,5,72,84
1766,0,7,Masters,Suburban,21.1,3,3,4,10,5,63,64
1767,0,1,Masters,Rural,60.2,8,9,7,14,5,70,73
1768,0,15,Bachelors,Suburban,33.8,5,5,3,19,4,81,95
1769,0,8,Masters,Rural,48.4,7,7,4,18,4,63,60
1770,1,11,Bachelors,Suburban,56.4,6,6,3,19,5,83,93
1771,0,16,Bachelors,Rural,31.3,7,6,6,23,5,70,91
1772,1,0,Masters,Urban,76.5,8,8,3,28,5,75,79
1773,0,0,Bachelors,Urban,56.3,2,3,2,11,5,54,58
1774,0,21,Bachelors,Suburban,71.4,6,7,5,19,5,70,66
1775,0,12,Masters,Rural,40.8,6,6,4,13,4,66,81
1776,1,20,Bachelors,Suburban,38.5,5,6,5,29,5,54,48
1777,0,11,Bachelors,Rural,79.9,4,5,5,8,5,66,48
1778,0,16,Bachelors,Suburban,51.9,5,6,3,5,5,52,51
1779,0,16,Bachelors,Suburban,55.9,4,6,7,10,5,59,45
1780,0,6,Bachelors,Rural,74.5,5,4,1,17,5,90,95
1781,1,22,Masters,Urban,50,6,6,3,21,5,70,58
1782,0,19,Masters,Rural,55.5,5,5,4,18,5,87,100
1783,0,13,Masters,Rural,59.9,4,4,4,21,5,60,69
1784,0,12,Masters,Suburban,31.3,6,7,6,15,5,72,63
1785,0,31,Bachelors,Rural,47.9,4,3,1,11,5,75,68
1786,0,0,Masters,Suburban,38.8,5,5,6,8,5,74,89
1787,1,4,Masters,Suburban,75.9,6,3,4,16,5,54,53
1788,0,26,Masters,Urban,44.9,5,6,3,14,5,59,42
1789,0,11,Bachelors,Urban,58.9,4,4,3,8,5,52,71
1790,0,0,Bachelors,Suburban,49.4,6,5,5,14,5,66,82
1791,0,9,Masters,Rural,57.6,4,3,3,9,5,50,57
1792,0,17,Masters,Urban,54.2,6,6,6,5,5,58,62
1793,0,21,Bachelors,Suburban,57.8,6,6,6,11,5,71,80
1794,1,16,Bachelors,Suburban,43.1,5,6,6,30,5,55,47
1795,1,7,Bachelors,Suburban,50.4,6,7,3,13,5,68,73
1796,0,0,Bachelors,Suburban,36.6,4,5,2,16,5,62,53
1797,0,25,Masters,Rural,42.8,6,7,6,11,3,55,53
1798,1,12,Bachelors,Urban,63.5,7,6,4,19,5,61,66
1799,0,7,Bachelors,Rural,54.8,8,10,4,18,5,75,96
1800,0,8,Bachelors,Urban,49.6,6,6,4,19,5,64,68
1801,0,19,Masters,Urban,44.5,6,7,7,28,5,78,91
1802,1,1,Masters,Suburban,34.5,4,2,3,8,4,46,41
1803,0,9,Bachelors,Urban,67.1,4,5,3,16,5,79,67
1804,0,22,Bachelors,Urban,48.9,3,3,3,11,5,54,50
1805,0,16,Bachelors,Urban,52.3,4,3,3,11,5,82,91
1806,1,16,Bachelors,Urban,73.8,3,4,2,18,5,67,68
1807,0,14,Masters,Suburban,47.3,6,6,3,10,5,70,81
1808,0,6,Masters,Urban,64.2,6,6,4,21,5,65,70
1809,0,11,Masters,Urban,22.3,5,7,5,13,5,69,64
1810,0,5,Bachelors,Rural,61.2,5,4,2,20,5,72,74
1811,0,18,Masters,Rural,70.2,6,4,3,3,5,59,48
1812,1,15,Bachelors,Suburban,44.4,5,5,6,18,5,60,76
1813,0,8,Masters,Suburban,59.8,6,7,4,28,5,73,93
1814,1,21,Bachelors,Suburban,51.2,4,4,4,15,5,55,68
1815,0,24,Bachelors,Suburban,48.4,6,5,6,6,4,75,100
1816,0,20,Bachelors,Urban,55.6,5,3,4,0,5,74,74
1817,0,20,Bachelors,Suburban,64.5,5,2,3,8,5,85,100
1818,0,8,Bachelors,Rural,61.2,6,6,4,19,5,81,91
1819,0,21,Masters,Urban,43.7,7,8,6,16,5,62,65
1820,0,2,Bachelors,Rural,47.9,5,5,4,13,5,64,50
1821,0,20,Bachelors,Suburban,23.7,5,4,3,8,4,48,49
1822,0,23,Bachelors,Suburban,56,4,5,4,17,5,68,72
1823,1,15,Bachelors,Urban,60.2,5,6,5,28,5,93,100
1824,0,11,Bachelors,Urban,44.4,8,8,3,20,5,78,85
1825,0,8,Bachelors,Suburban,47.6,4,5,4,6,5,58,68
1826,0,1,Bachelors,Rural,47.5,6,5,6,17,5,52,56
1827,0,10,Bachelors,Urban,50.6,6,6,4,13,5,70,78
1828,0,11,Masters,Suburban,52.1,7,6,3,18,4,62,69
1829,0,22,Masters,Urban,76.6,4,5,5,17,5,71,71
1830,1,3,Bachelors,Urban,83.8,7,7,4,24,5,91,90
1831,0,11,Masters,Urban,40.9,4,2,1,9,5,53,62
1832,1,9,Bachelors,Urban,62.8,2,2,5,18,5,63,64
1833,0,9,Bachelors,Rural,71,3,4,2,10,5,78,89
1834,0,17,Bachelors,Rural,45.2,3,5,1,21,4,54,83
1835,0,12,Bachelors,Urban,69.7,6,5,5,13,5,63,70
1836,0,13,Bachelors,Suburban,61.3,6,7,5,11,4,61,72
1837,0,16,Masters,Urban,66.8,7,8,2,14,5,61,54
1838,0,0,Bachelors,Urban,82.8,6,5,5,14,5,65,81
1839,1,11,Bachelors,Suburban,54.3,6,7,6,24,5,81,100
1840,1,13,Masters,Urban,61.6,9,10,9,27,5,69,82
1841,0,10,Bachelors,Urban,61.6,5,3,4,14,5,68,73
1842,0,18,Masters,Urban,56.8,6,6,4,22,5,78,84
1843,1,0,Bachelors,Urban,34.8,6,7,6,18,5,67,85
1844,1,0,Masters,Urban,70.6,7,8,7,15,5,70,76
1845,0,2,Bachelors,Suburban,63.1,8,7,5,21,5,72,62
1846,0,16,Masters,Urban,54.8,6,8,6,18,4,69,87
1847,0,26,Bachelors,Suburban,80.7,7,8,4,8,5,96,100
1848,0,25,Masters,Urban,44.1,6,6,6,14,5,61,69
1849,1,1,Masters,Urban,41.3,8,8,5,31,5,66,61
1850,0,5,Bachelors,Rural,56.2,3,1,2,4,5,53,65
1851,0,21,Bachelors,Suburban,26,4,7,4,18,4,62,48
1852,1,12,Bachelors,Suburban,47.5,5,6,7,22,5,70,69
1853,1,16,Bachelors,Suburban,50.9,4,3,6,13,5,63,72
1854,0,18,Masters,Urban,71.2,3,2,1,10,5,74,88
1855,1,21,Masters,Rural,33.7,5,5,5,18,5,56,69
1856,0,25,Bachelors,Suburban,50.3,7,9,6,24,5,65,78
1857,0,13,Bachelors,Urban,35.8,5,2,3,12,5,58,50
1858,1,12,Bachelors,Urban,65.2,5,4,6,15,5,70,78
1859,0,0,Masters,Urban,56.9,9,8,5,17,5,67,66
1860,1,18,Bachelors,Rural,23.1,2,1,3,10,4,47,52
1861,0,11,Bachelors,Suburban,39.5,3,2,2,7,5,67,86
1862,0,1,Masters,Rural,69.6,5,4,6,17,5,55,76
1863,0,13,Bachelors,Rural,61.1,3,2,4,11,5,66,80
1864,0,16,Masters,Rural,48.8,3,1,4,2,5,68,75
1865,1,1,Masters,Urban,55.8,6,7,5,17,5,71,76
1866,0,8,Masters,Rural,54,4,4,4,12,5,78,82
1867,1,13,Bachelors,Urban,62.4,5,6,4,17,5,68,77
1868,0,3,Bachelors,Urban,60.8,7,7,4,16,5,74,75
1869,0,12,Masters,Rural,32.8,5,6,1,16,3,54,45
1870,0,13,Masters,Rural,64.1,7,10,8,17,5,67,78
1871,0,25,Masters,Suburban,46.6,5,6,4,12,4,65,75
1872,0,23,Bachelors,Urban,69.4,3,2,5,0,5,58,73
1873,0,6,Bachelors,Urban,53.8,8,8,7,16,5,74,100
1874,0,26,Bachelors,Suburban,47,4,4,5,18,4,49,73
1875,0,17,Bachelors,Rural,32.7,3,5,5,29,5,51,43
1876,1,0,Masters,Suburban,47.2,6,8,4,20,5,66,70
1877,1,4,Bachelors,Rural,51.8,4,6,5,24,4,69,75
1878,0,5,Masters,Suburban,54,7,8,5,13,5,76,72
1879,0,11,Bachelors,Urban,57.5,4,5,5,13,5,31,34
1880,1,8,Bachelors,Suburban,51.4,5,6,8,19,5,54,66
1881,0,2,Bachelors,Rural,62,2,1,2,5,5,66,81
1882,1,2,Masters,Rural,67.9,5,6,2,18,5,81,100
1883,1,23,Bachelors,Urban,46.7,6,8,5,18,5,58,51
1884,0,13,Masters,Urban,57.5,5,5,3,12,4,67,82
1885,1,13,Bachelors,Suburban,56.1,4,4,4,11,5,54,56
1886,0,12,Masters,Urban,39.4,6,7,7,20,5,64,87
1887,0,18,Bachelors,Urban,51.3,4,4,4,22,5,53,64
1888,0,16,Bachelors,Urban,47.1,5,4,4,8,5,61,60
1889,0,15,Bachelors,Urban,68.1,5,4,3,13,5,49,60
1890,0,32,Bachelors,Urban,48.5,4,4,3,12,5,67,100
1891,0,8,Bachelors,Urban,54.3,6,6,6,21,5,67,65
1892,1,19,Bachelors,Urban,56.7,5,5,4,19,5,76,83
1893,0,22,Bachelors,Suburban,66.4,6,8,7,18,5,67,88
1894,0,14,Bachelors,Rural,72.8,3,5,3,18,5,73,71
1895,0,2,Bachelors,Urban,14.3,6,6,5,15,5,47,53
1896,0,9,Bachelors,Suburban,46.7,5,5,3,11,5,74,68
1897,0,16,Masters,Urban,48.7,5,4,3,15,5,71,66
1898,1,8,Bachelors,Suburban,34,6,7,6,17,4,62,62
1899,0,14,Bachelors,Suburban,63.3,6,5,3,11,5,60,58
1900,0,8,Bachelors,Rural,58.8,5,5,3,20,5,68,72
1901,0,16,Masters,Urban,33,7,7,3,12,4,61,70
1902,1,23,Masters,Suburban,37.7,3,4,2,20,5,59,67
1903,1,6,Masters,Suburban,51.3,7,8,6,22,5,67,65
1904,1,3,Masters,Rural,33,6,4,6,17,4,63,62
1905,0,7,Bachelors,Urban,56.2,5,5,4,25,5,49,44
1906,0,11,Masters,Suburban,29.7,4,3,2,10,2,61,61
1907,1,6,Masters,Rural,42.9,6,5,7,16,4,65,79
1908,1,2,Bachelors,Rural,72.1,5,6,7,28,5,77,73
1909,0,26,Bachelors,Suburban,87.3,4,4,2,9,5,74,78
1910,0,8,Bachelors,Rural,60,8,6,5,12,5,68,72
1911,1,20,Bachelors,Suburban,63.4,3,3,4,20,5,59,66
1912,0,4,Masters,Urban,76,6,6,4,28,5,71,80
1913,0,9,Bachelors,Urban,56.3,6,8,6,25,5,80,89
1914,0,15,Bachelors,Suburban,37.6,4,4,3,9,5,64,71
1915,1,11,Bachelors,Suburban,45.6,7,8,4,20,4,55,80
1916,0,18,Masters,Suburban,41.6,6,4,6,15,5,56,75
1917,1,16,Bachelors,Suburban,34.5,3,5,4,20,4,52,65
1918,0,13,Bachelors,Urban,23.9,4,6,2,11,4,56,72
1919,1,10,Bachelors,Suburban,51.7,6,8,7,30,5,69,89
1920,0,1,Bachelors,Suburban,44.6,7,7,3,25,5,77,94
1921,0,6,Bachelors,Rural,53,8,9,5,25,5,60,59
1922,0,3,Masters,Rural,31,6,7,5,18,3,77,89
1923,0,11,Bachelors,Urban,60.2,5,6,7,24,5,64,76
1924,1,12,Masters,Urban,54.1,6,7,4,19,5,56,60
1925,1,17,Masters,Rural,42.3,5,6,3,20,5,64,62
1926,0,7,Masters,Urban,49,6,6,5,24,5,54,53
1927,1,5,Masters,Suburban,45.7,6,5,4,14,5,63,74
1928,1,12,Bachelors,Urban,54,5,6,8,21,5,81,95
1929,1,10,Masters,Rural,32.4,6,8,7,28,5,57,70
1930,0,12,Masters,Rural,57.1,4,4,5,6,5,62,69
1931,0,32,Masters,Suburban,35,3,5,5,8,5,59,58
1932,0,21,Bachelors,Urban,63.6,5,5,5,17,5,74,61
1933,0,7,Masters,Urban,68.5,5,5,5,17,5,81,100
1934,0,19,Bachelors,Rural,44.2,4,4,5,15,5,74,77
1935,0,6,Masters,Suburban,63.1,4,4,4,4,5,60,44
1936,0,0,Masters,Suburban,50.5,4,6,5,17,5,61,76
1937,0,22,Bachelors,Suburban,18.7,4,2,6,8,4,47,71
1938,0,13,Bachelors,Suburban,54,5,6,3,12,5,67,71
1939,1,12,Bachelors,Urban,36.2,4,4,4,12,5,46,48
1940,1,6,Bachelors,Urban,33.9,6,6,4,13,5,58,55
1941,0,22,Bachelors,Urban,70.4,7,5,3,19,5,77,100
1942,0,14,Masters,Urban,47.1,3,2,2,10,5,61,43
1943,1,22,Bachelors,Suburban,76.4,5,5,5,13,5,79,62
1944,1,15,Bachelors,Urban,42.6,3,3,6,11,5,59,62
1945,1,17,Bachelors,Rural,47.1,7,6,6,20,5,72,80
1946,0,5,Bachelors,Urban,49.1,6,6,4,22,5,73,90
1947,0,14,Bachelors,Suburban,42.9,4,5,5,13,5,59,49
1948,0,4,Masters,Suburban,41.6,7,8,5,15,4,79,79
1949,0,0,Bachelors,Urban,56.5,3,3,3,13,5,50,61
1950,0,20,Bachelors,Suburban,34.4,7,6,5,19,5,61,74
1951,0,23,Masters,Rural,64.8,6,7,6,21,5,72,80
1952,1,15,Bachelors,Urban,20.5,7,8,5,27,2,59,84
1953,0,14,Bachelors,Urban,31.3,5,4,5,6,5,70,67
1954,0,15,Masters,Rural,36.2,5,6,4,19,5,67,65
1955,0,0,Masters,Urban,46.1,7,8,2,24,5,66,58
1956,0,4,Bachelors,Rural,54.3,5,6,6,16,5,61,74
1957,0,7,Masters,Urban,24.1,6,6,7,18,4,81,77
1958,0,11,Bachelors,Suburban,47.1,5,4,3,8,4,56,30
1959,0,15,Bachelors,Urban,43.2,5,5,4,7,5,65,58
1960,0,22,Bachelors,Suburban,69.4,4,4,2,6,5,71,74
1961,0,25,Bachelors,Rural,66.2,1,2,2,10,5,71,61
1962,0,12,Bachelors,Suburban,55.3,3,3,4,11,5,84,83
1963,1,17,Bachelors,Rural,36.1,3,2,1,2,5,57,55
1964,0,10,Masters,Rural,35.3,3,3,7,5,5,51,76
1965,1,13,Masters,Rural,40.6,6,5,5,14,5,59,71
1966,0,19,Bachelors,Rural,65.3,5,4,5,1,5,69,71
1967,0,16,Masters,Suburban,68.6,4,3,2,11,5,57,61
1968,0,8,Bachelors,Urban,52.2,6,6,3,16,5,83,94
1969,0,17,Bachelors,Suburban,33.2,5,5,3,17,5,68,58
1970,0,19,Masters,Suburban,56.6,5,5,3,17,5,80,89
1971,1,7,Bachelors,Suburban,40.6,7,10,7,21,5,71,79
1972,0,16,Masters,Rural,48.5,2,2,2,9,5,80,84
1973,0,20,Masters,Suburban,40.6,5,4,3,12,4,42,50
1974,0,18,Masters,Rural,49.8,7,9,8,21,5,59,56
1975,0,11,Bachelors,Suburban,54.7,7,8,5,14,4,71,67
1976,0,19,Bachelors,Rural,48.5,6,7,6,19,5,62,60
1977,1,23,Masters,Rural,44.4,7,9,6,31,5,71,88
1978,0,4,Masters,Suburban,48.3,6,6,3,18,5,66,72
1979,1,0,Bachelors,Suburban,31,3,4,1,17,5,52,64
1980,0,19,Bachelors,Rural,40.5,8,8,4,18,4,66,58
1981,0,6,Bachelors,Suburban,42,4,4,3,14,4,66,87
1982,0,6,Bachelors,Urban,52.4,4,3,3,15,5,84,87
1983,1,18,Bachelors,Urban,24.3,5,6,6,12,5,48,43
1984,0,1,Masters,Urban,34,6,4,2,15,5,70,65
1985,0,14,Bachelors,Rural,50.6,8,8,6,26,5,83,89
1986,0,31,Bachelors,Suburban,43.8,3,3,6,14,5,54,54
1987,0,4,Bachelors,Rural,57.3,6,7,5,14,5,74,73
1988,1,9,Bachelors,Suburban,43.9,3,5,6,19,4,63,67
1989,0,16,Masters,Urban,49,7,7,3,22,5,74,80
1990,0,13,Masters,Urban,52,8,7,7,21,5,52,41
1991,0,3,Masters,Suburban,34.8,8,7,4,13,5,63,87
1992,0,14,Bachelors,Urban,43,3,4,3,19,5,75,98
1993,0,9,Bachelors,Suburban,46.3,5,5,3,17,5,70,60
1994,0,4,Bachelors,Suburban,32.3,3,3,2,0,5,45,53
1995,0,20,Masters,Suburban,47.9,7,6,6,12,4,62,73
1996,1,26,Bachelors,Suburban,44.7,4,5,5,6,5,57,52
1997,1,0,Bachelors,Rural,53.4,2,2,2,0,5,63,73
1998,0,21,Masters,Rural,41.6,5,6,4,19,4,72,73
1999,0,14,Bachelors,Urban,44.4,5,7,5,22,5,69,69
2000,1,16,Bachelors,Suburban,46.6,6,6,4,15,5,67,97
